Molecule,Canonical SMILES,Formula,MW,#Heavy atoms,#Aromatic heavy atoms,Fraction Csp3,#Rotatable bonds,#H-bond acceptors,#H-bond donors,MR,TPSA,iLOGP,XLOGP3,WLOGP,MLOGP,Silicos-IT Log P,Consensus Log P,ESOL Log S,ESOL Solubility (mg/ml),ESOL Solubility (mol/l),ESOL Class,Ali Log S,Ali Solubility (mg/ml),Ali Solubility (mol/l),Ali Class,Silicos-IT LogSw,Silicos-IT Solubility (mg/ml),Silicos-IT Solubility (mol/l),Silicos-IT class,log_s_mean,GI absorption,BBB permeant,Pgp substrate,CYP1A2 inhibitor,CYP2C19 inhibitor,CYP2C9 inhibitor,CYP2D6 inhibitor,CYP3A4 inhibitor,log Kp (cm/s),Lipinski #violations,Ghose #violations,Veber #violations,Egan #violations,Muegge #violations,Bioavailability Score,PAINS #alerts,Brenk #alerts,Leadlikeness #violations,Synthetic Accessibility
Molecule 1,NC(C(=O)O)CSSCC(C(=O)O)N,C6H12N2O4S2,240.3,14,0,0.67,7,6,4,55.1,177.24,0.67,-5.08,-0.81,-5.83,-1.33,-2.476,2.33,5.17E+04,2.15E+02,Highly soluble,2,2.39E+04,9.96E+01,Highly soluble,0.95,2.17E+03,9.02E+00,Soluble,1.76,Low,No,No,No,No,No,No,No,-11.37,0,1,1,1,2,0.55,0,1,1,3.39
Molecule 2,OCC1OC(C(C1O)O)n1ccc(nc1=O)N,C9H13N3O5,243.22,17,6,0.56,2,6,4,55.85,130.83,0.32,-2.13,-2.88,-2.29,-2.25,-1.846,-0.14,1.78E+02,7.32E-01,Very soluble,-0.09,1.98E+02,8.16E-01,Very soluble,1.01,2.49E+03,1.02E+01,Soluble,0.26,Low,No,No,No,No,No,No,No,-9.3,0,1,0,0,1,0.55,0,0,1,3.84
Molecule 3,OC(=O)C(Cc1ccc(cc1)O)N,C9H11NO3,181.19,13,6,0.22,3,4,3,47.52,83.55,0.79,-2.26,0.35,-1.7,0.39,-0.486,0.32,3.76E+02,2.07E+00,Highly soluble,1.04,1.98E+03,1.10E+01,Highly soluble,-1.29,9.29E+00,5.13E-02,Soluble,0.023,High,No,No,No,No,No,No,No,-9.01,0,0,0,0,2,0.55,0,0,1,1.54
Molecule 4,OC[C@H]1O[C@H]([C@@H]([C@@H]1O)O)n1cnc2c1nc(N)[nH]c2=O,C10H13N5O5,283.24,20,9,0.5,2,7,5,65.5,159.51,-0.22,-1.89,-3,-2.36,-2.22,-1.938,-0.61,7.01E+01,2.48E-01,Very soluble,-0.94,3.25E+01,1.15E-01,Very soluble,0.51,9.10E+02,3.21E+00,Soluble,-0.347,Low,No,No,No,No,No,No,No,-9.37,0,1,1,1,1,0.55,0,0,0,3.86
Molecule 5,NC(=O)c1cnccn1,C5H5N3O,123.11,9,6,0,1,3,1,30.13,68.87,0.74,-0.6,-0.42,-1.66,0.08,-0.372,-0.65,2.74E+01,2.23E-01,Very soluble,-0.37,5.19E+01,4.22E-01,Very soluble,-1.2,7.82E+00,6.35E-02,Soluble,-0.74,High,No,No,No,No,No,No,No,-7.48,0,4,0,0,1,0.55,0,0,1,1.47
Molecule 6,OC[C@H]1O[C@H]([C@@H]([C@@H]1O)O)n1cc2c(n1)nccn2,C10H12N4O4,252.23,18,9,0.5,2,7,3,58.27,113.52,1.23,-1.76,-1.89,-1.81,-1.66,-1.178,-0.53,7.39E+01,2.93E-01,Very soluble,-0.11,1.96E+02,7.78E-01,Very soluble,0.05,2.81E+02,1.11E+00,Soluble,-0.197,High,No,No,No,No,No,No,No,-9.09,0,1,0,0,0,0.55,0,0,0,3.95
Molecule 7,O=C1NCC(=O)N1,C3H4N2O2,100.08,7,0,0.33,0,2,2,28.64,58.2,0.33,-1.69,-1.94,-1.39,0.07,-0.924,0.6,4.02E+02,4.02E+00,Highly soluble,0.98,9.56E+02,9.56E+00,Highly soluble,-0.51,3.08E+01,3.08E-01,Soluble,0.357,Low,No,No,No,No,No,No,No,-8.11,0,4,0,0,2,0.55,0,1,1,1.02
Molecule 8,OC(=O)C(Cc1c[nH]c2c1cccc2)N,C11H12N2O2,204.23,15,9,0.18,3,3,3,57.36,79.11,0.94,-1.06,1.12,-1.66,1.53,0.174,-0.68,4.22E+01,2.07E-01,Very soluble,-0.11,1.58E+02,7.72E-01,Very soluble,-2.76,3.57E-01,1.75E-03,Soluble,-1.183,High,No,No,No,No,No,No,No,-8.3,0,0,0,0,0,0.55,0,0,1,2.09
Molecule 9,O=c1cc[nH]c(=O)[nH]1,C4H4N2O2,112.09,8,6,0,0,2,2,27.68,65.72,0.52,-1.07,-0.94,-0.8,1.35,-0.188,-0.42,4.30E+01,3.84E-01,Very soluble,0.18,1.69E+02,1.51E+00,Highly soluble,-1.41,4.39E+00,3.92E-02,Soluble,-0.55,High,No,No,No,No,No,No,No,-7.74,0,4,0,0,2,0.55,0,0,1,1.35
Molecule 10,Nc1nc2nc[nH]c2c(=O)[nH]1,C5H5N5O,151.13,11,9,0,0,3,3,38.91,100.45,-0.49,-1.07,-0.76,-1.31,0.6,-0.606,-0.71,2.96E+01,1.96E-01,Very soluble,-0.55,4.26E+01,2.82E-01,Very soluble,-1.7,3.04E+00,2.01E-02,Soluble,-0.987,High,No,No,No,No,No,No,No,-7.98,0,4,0,0,1,0.55,0,0,1,1.8
Molecule 11,OC[C@H]1O[C@H]([C@@H]([C@@H]1O)O)n1cnc2c1cc1ncnc(c1c2)N,C14H15N5O4,317.3,23,13,0.36,2,7,4,80.18,139.54,1.11,-1.27,-1.14,-0.87,-1.44,-0.722,-1.29,1.61E+01,5.09E-02,Very soluble,-1.16,2.18E+01,6.86E-02,Very soluble,-1.25,1.80E+01,5.68E-02,Soluble,-1.233,Low,No,No,No,No,No,No,No,-9.14,0,1,0,1,0,0.55,0,0,0,3.97
Molecule 12,CC(=O)OCCn1ccc(=O)[nH]c1=O,C8H10N2O4,198.18,14,6,0.38,4,4,1,48.29,81.16,1.4,-0.9,-0.9,-0.24,0.64,0,-0.55,5.52E+01,2.79E-01,Very soluble,-0.32,9.45E+01,4.77E-01,Very soluble,-1.53,5.82E+00,2.94E-02,Soluble,-0.8,High,No,No,No,No,No,No,No,-8.15,0,1,0,0,1,0.55,0,0,1,2.18
Molecule 13,Nc1ccc(cc1)S(=O)(=O)N,C6H8N2O2S,172.2,11,6,0,1,3,2,41.84,94.56,0.61,-0.62,1,-0.3,-0.73,-0.008,-0.85,2.41E+01,1.40E-01,Very soluble,-0.89,2.20E+01,1.28E-01,Very soluble,-1.6,4.33E+00,2.51E-02,Soluble,-1.113,High,No,No,No,No,No,No,No,-7.79,0,1,0,0,1,0.55,0,1,1,1.6
Molecule 14,CC(=O)c1c(C)n(n(c1=O)c1ccccc1)C,C13H14N2O2,230.26,17,11,0.23,2,2,0,66.45,44,2.48,0.5,1.69,1.8,1.88,1.67,-1.93,2.71E+00,1.18E-02,Very soluble,-0.99,2.33E+01,1.01E-01,Very soluble,-3.13,1.72E-01,7.46E-04,Soluble,-2.017,High,Yes,No,Yes,No,No,No,No,-7.35,0,0,0,0,0,0.55,0,0,1,2.28
Molecule 15,CC(=O)NC1=C(N)C(=O)c2c(C1=O)cccc2,C12H10N2O3,230.22,17,6,0.08,2,3,2,59.57,89.26,0.74,-0.49,0.37,-0.75,1.06,0.186,-1.09,1.88E+01,8.17E-02,Very soluble,-0.92,2.79E+01,1.21E-01,Very soluble,-3.29,1.18E-01,5.13E-04,Soluble,-1.767,High,No,No,Yes,No,No,No,No,-8.05,0,0,0,0,0,0.55,1,0,1,2.77
Molecule 16,Cn1cnc2c1c(=O)n(C)c(=O)n2C,C8H10N4O2,194.19,14,9,0.38,0,3,0,52.04,61.82,1.79,-0.07,-1.03,0.22,-0.5,0.082,-1.48,6.50E+00,3.35E-02,Very soluble,-0.78,3.25E+01,1.67E-01,Very soluble,-0.67,4.15E+01,2.14E-01,Soluble,-0.977,High,No,No,No,No,No,No,No,-7.53,0,1,0,0,1,0.55,0,0,1,2.03
Molecule 17,CC(=O)NS(=O)(=O)c1ccc(cc1)N,C8H10N2O3S,214.24,14,6,0.12,3,3,2,51.75,97.64,0.5,-0.96,1.18,-0.12,-0.46,0.028,-0.68,4.45E+01,2.08E-01,Very soluble,-0.61,5.31E+01,2.48E-01,Very soluble,-2.36,9.40E-01,4.39E-03,Soluble,-1.217,High,No,No,No,No,No,No,No,-8.29,0,0,0,0,0,0.55,0,1,1,1.85
Molecule 18,O=C1c2ccccc2C(=O)C1(O)O,C9H6O4,178.14,13,6,0.11,0,4,2,42.27,74.6,0.37,0.67,-0.25,-0.63,1,0.232,-1.71,3.49E+00,1.96E-02,Very soluble,-1.81,2.74E+00,1.54E-02,Very soluble,-1.84,2.56E+00,1.44E-02,Soluble,-1.787,High,No,No,No,No,No,No,No,-6.91,0,1,0,0,1,0.55,1,2,1,1.57
Molecule 19,Cn1c(=O)n(C)c2c(c1=O)[nH]cn2,C7H8N4O2,180.16,13,9,0.29,0,3,1,47.14,72.68,0.53,-0.02,-1.04,-0.52,0.12,-0.186,-1.46,6.29E+00,3.49E-02,Very soluble,-1.06,1.58E+01,8.78E-02,Very soluble,-1.1,1.42E+01,7.89E-02,Soluble,-1.207,High,No,No,No,No,No,No,No,-7.41,0,1,0,0,1,0.55,0,0,1,1.87
Molecule 20,CCOC(=O)C(=O)CC(=O)C,C7H10O4,158.15,11,0,0.57,5,4,0,37.45,60.44,1.1,0.22,0.1,-0.31,0.77,0.376,-0.63,3.71E+01,2.35E-01,Very soluble,-1.05,1.41E+01,8.94E-02,Very soluble,-1.04,1.45E+01,9.16E-02,Soluble,-0.907,High,No,No,No,No,No,No,No,-7.11,0,2,0,0,1,0.55,0,2,1,1.68
Molecule 21,CC1=CC(=O)C(C(=O)O1)C(=O)C,C8H8O4,168.15,12,0,0.38,1,4,0,39.67,60.44,1.08,0.26,0.22,-0.46,1.1,0.44,-0.98,1.76E+01,1.05E-01,Very soluble,-1.09,1.37E+01,8.12E-02,Very soluble,-1.02,1.59E+01,9.48E-02,Soluble,-1.03,High,No,No,No,No,No,No,No,-7.14,0,1,0,0,1,0.85,0,1,1,3.52
Molecule 22,O=c1cc(n(n1c1ccccc1)C)C,C11H12N2O,188.23,14,11,0.18,1,1,0,56.26,26.93,2.29,0.38,1.48,2.18,1.52,1.57,-1.76,3.26E+00,1.73E-02,Very soluble,-0.51,5.80E+01,3.08E-01,Very soluble,-2.79,3.09E-01,1.64E-03,Soluble,-1.687,High,Yes,No,Yes,No,No,No,No,-7.18,0,0,0,0,1,0.55,0,0,1,1.88
Molecule 23,CC(=O)Nc1ccc(cc1)O,C8H9NO2,151.16,11,6,0.12,2,2,2,42.78,49.33,1.21,0.46,1.16,0.91,0.89,0.926,-1.34,6.93E+00,4.59E-02,Very soluble,-1.06,1.30E+01,8.62E-02,Very soluble,-2.19,9.72E-01,6.43E-03,Soluble,-1.53,High,Yes,No,No,No,No,No,No,-6.9,0,1,0,0,1,0.55,0,1,1,1
Molecule 24,S=C1NC(=S)C(N1)(C)C,C5H8N2S2,160.26,9,0,0.6,0,0,2,53.09,88.24,1.53,0.75,-0.19,-0.01,3.13,1.042,-1.31,7.92E+00,4.94E-02,Very soluble,-2.18,1.05E+00,6.57E-03,Soluble,-1.75,2.85E+00,1.78E-02,Soluble,-1.747,High,No,No,No,No,No,No,No,-6.75,0,1,0,0,1,0.55,0,1,1,2.23
Molecule 25,c1ccc2c(c1)nncc2,C8H6N2,130.15,10,10,0,0,2,0,39.54,25.78,1.55,0.93,1.63,1.41,2.05,1.514,-1.97,1.39E+00,1.06E-02,Very soluble,-1.06,1.14E+01,8.76E-02,Very soluble,-3.29,6.67E-02,5.13E-04,Soluble,-2.107,High,Yes,No,No,No,No,No,No,-6.43,0,3,0,0,1,0.55,0,0,1,1.24
Molecule 26,Nc1ccc(cc1)S(=O)(=O)Nc1onc(c1C)C,C11H13N3O3S,267.3,18,11,0.18,3,4,2,67.95,106.6,1.41,1.01,2.57,0.55,0.64,1.236,-2.39,1.09E+00,4.09E-03,Soluble,-2.84,3.88E-01,1.45E-03,Soluble,-4.15,1.89E-02,7.08E-05,Moderately soluble,-3.127,High,No,No,No,No,No,No,No,-7.21,0,0,0,0,0,0.55,0,1,0,3.02
Molecule 27,O=NN(c1ccccc1)N,C6H7N3O,137.14,10,6,0,2,3,1,38.48,58.69,1.77,1,1.05,0.33,-0.2,0.79,-1.63,3.20E+00,2.33E-02,Very soluble,-1.82,2.07E+00,1.51E-02,Very soluble,-1.3,6.94E+00,5.06E-02,Soluble,-1.583,High,Yes,No,No,No,No,No,No,-6.43,0,3,0,0,1,0.55,0,2,1,1.69
Molecule 28,S=c1cc[nH]cc1,C5H5NS,111.16,7,6,0,0,0,1,31.63,47.88,1.34,0.2,1.74,0.32,3.1,1.34,-1.29,5.71E+00,5.13E-02,Very soluble,-0.76,1.91E+01,1.72E-01,Very soluble,-2.07,9.37E-01,8.43E-03,Soluble,-1.373,High,Yes,No,No,No,No,No,No,-6.84,0,3,0,0,1,0.55,0,1,1,1.22
Molecule 29,O=Cc1ccc2c(c1)OCO2,C8H6O3,150.13,11,6,0.12,1,3,0,37.89,35.53,1.6,1.05,1.23,0.52,2.06,1.292,-1.77,2.55E+00,1.70E-02,Very soluble,-1.39,6.16E+00,4.10E-02,Very soluble,-2.08,1.25E+00,8.32E-03,Soluble,-1.747,High,Yes,No,Yes,No,No,No,No,-6.47,0,3,0,0,1,0.55,0,1,1,1.87
Molecule 30,OC(=O)CCC(=O)c1c[nH]c2c1cccc2,C12H11NO3,217.22,16,9,0.17,4,3,2,59.88,70.16,0.96,1.16,2.22,0.75,2.45,1.508,-2.07,1.85E+00,8.51E-03,Soluble,-2.23,1.28E+00,5.91E-03,Soluble,-3.42,8.20E-02,3.78E-04,Soluble,-2.573,High,Yes,No,No,No,No,No,No,-6.8,0,0,0,0,0,0.85,0,0,1,1.65
Molecule 31,CC(=O)Oc1ccccc1C(=O)O,C9H8O4,180.16,13,6,0.11,3,4,1,44.9,63.6,1.3,1.19,1.31,1.51,1.1,1.282,-1.85,2.54E+00,1.41E-02,Very soluble,-2.12,1.36E+00,7.56E-03,Soluble,-1.85,2.57E+00,1.43E-02,Soluble,-1.94,High,Yes,No,No,No,No,No,No,-6.55,0,0,0,0,1,0.85,0,1,1,1.52
Molecule 32,c1coc(c1)CNc1ncnc2c1[nH]cn2,C10H9N5O,215.21,16,14,0.1,3,4,2,57.74,79.63,0.94,1.01,1.22,-0.15,1.47,0.898,-2.26,1.18E+00,5.49E-03,Soluble,-2.27,1.15E+00,5.35E-03,Soluble,-4.36,9.37E-03,4.36E-05,Moderately soluble,-2.963,High,No,Yes,Yes,No,No,Yes,Yes,-6.9,0,0,0,0,0,0.55,0,0,1,2.28
Molecule 33,O=c1[nH]cnc2c1cccc2,C8H6N2O,146.15,11,10,0,0,2,1,42.36,45.75,1.12,0.77,0.92,1.13,2.12,1.212,-1.9,1.82E+00,1.25E-02,Very soluble,-1.31,7.14E+00,4.89E-02,Very soluble,-3.21,8.95E-02,6.12E-04,Soluble,-2.14,High,Yes,No,Yes,No,No,No,No,-6.64,0,2,0,0,1,0.55,0,0,1,1.39
Molecule 34,O=C1CC(C)(C)NC(C1)(C)C,C9H17NO,155.24,11,0,0.89,0,2,1,50.26,29.1,2.08,0.49,1.12,1.07,2.11,1.374,-1.11,1.20E+01,7.74E-02,Very soluble,-0.67,3.31E+01,2.13E-01,Very soluble,-2.72,2.96E-01,1.91E-03,Soluble,-1.5,High,Yes,No,No,No,No,No,No,-6.9,0,1,0,0,1,0.55,0,0,1,1.31
Molecule 35,CC=CC=CC(=O)O,C6H8O2,112.13,8,0,0.17,2,2,1,31.78,37.3,1.46,1.33,1.2,1.07,0.57,1.126,-1.24,6.44E+00,5.74E-02,Very soluble,-1.71,2.16E+00,1.93E-02,Very soluble,0.24,1.94E+02,1.73E+00,Soluble,-0.903,High,Yes,No,No,No,No,No,No,-6.04,0,3,0,0,1,0.85,0,2,1,2.79
Molecule 36,OCCc1ccccc1,C8H10O,122.16,9,6,0.25,2,1,1,37.38,20.23,1.7,1.36,1.22,1.87,2.03,1.636,-1.82,1.87E+00,1.53E-02,Very soluble,-1.39,5.01E+00,4.10E-02,Very soluble,-2.58,3.18E-01,2.60E-03,Soluble,-1.93,High,Yes,No,Yes,No,No,No,No,-6.08,0,3,0,0,2,0.55,0,0,1,1
Molecule 37,COc1ccc2c(c1)oc(=O)cc2,C10H8O3,176.17,13,10,0.1,1,3,0,48.98,39.44,2.06,1.74,1.8,1.34,2.44,1.876,-2.53,5.18E-01,2.94E-03,Soluble,-2.19,1.15E+00,6.53E-03,Soluble,-3.74,3.24E-02,1.84E-04,Soluble,-2.82,High,Yes,No,Yes,No,No,No,No,-6.14,0,0,0,0,1,0.55,0,1,1,2.59
Molecule 38,OCC(COc1ccccc1C)O,C10H14O3,182.22,13,6,0.4,4,3,2,49.84,49.69,2.16,1.41,0.73,0.95,1.58,1.366,-1.94,2.11E+00,1.16E-02,Very soluble,-2.06,1.59E+00,8.75E-03,Soluble,-2.23,1.07E+00,5.85E-03,Soluble,-2.077,High,Yes,No,No,No,No,No,No,-6.41,0,0,0,0,1,0.55,0,0,1,2.18
Molecule 39,COc1ccc(cc1O)C(=O)O,C8H8O4,168.15,12,6,0.12,2,4,2,41.92,66.76,0.89,1.43,1.1,0.74,0.73,0.978,-2.02,1.60E+00,9.52E-03,Soluble,-2.44,6.15E-01,3.66E-03,Soluble,-1.32,8.10E+00,4.82E-02,Soluble,-1.927,High,No,No,No,No,No,No,No,-6.31,0,0,0,0,1,0.85,0,0,1,1.24
Molecule 40,COC(=O)CCC(=O)c1c[nH]c2c1cccc2,C13H13NO3,231.25,17,9,0.23,5,3,1,64.2,59.16,1.81,1.49,2.3,1.03,2.97,1.92,-2.27,1.23E+00,5.32E-03,Soluble,-2.34,1.06E+00,4.57E-03,Soluble,-4.12,1.73E-02,7.50E-05,Moderately soluble,-2.91,High,Yes,No,Yes,No,No,No,No,-6.65,0,0,0,0,0,0.55,0,0,1,1.82
Molecule 41,O=C1CC(O)C(=O)C2C1NC(NC2)c1ccccc1,C14H16N2O3,260.29,19,6,0.43,1,5,3,75.82,78.43,0.96,-0.49,-1.32,0.22,0.73,0.02,-1.31,1.27E+01,4.87E-02,Very soluble,-0.69,5.32E+01,2.04E-01,Very soluble,-3,2.58E-01,9.93E-04,Soluble,-1.667,High,No,No,No,No,No,No,No,-8.24,0,1,0,0,0,0.55,0,0,0,3.09
Molecule 42,CCOc1ccc(cc1)NC(=O)C,C10H13NO2,179.22,13,6,0.3,4,2,1,52.05,38.33,2.1,1.58,1.85,1.54,1.74,1.762,-2.02,1.70E+00,9.46E-03,Soluble,-2,1.81E+00,1.01E-02,Very soluble,-3.32,8.66E-02,4.83E-04,Soluble,-2.447,High,Yes,No,Yes,No,No,No,No,-6.27,0,0,0,0,1,0.55,0,0,1,1.13
Molecule 43,OCC(=O)[C@@]1(O)CC[C@@H]2[C@]1(C)C[C@H](O)[C@H]1[C@H]2CCC2=CC(=O)CC[C@]12C,C21H30O5,362.46,26,0,0.81,2,5,3,97.53,94.83,2.2,1.61,1.78,1.39,2.47,1.89,-2.97,3.89E-01,1.07E-03,Soluble,-3.21,2.22E-01,6.12E-04,Soluble,-2.63,8.42E-01,2.32E-03,Soluble,-2.937,High,No,Yes,No,No,No,No,No,-7.37,0,0,0,0,0,0.55,0,0,1,5.16
Molecule 44,CC(=O)c1ccc(cc1)C(=O)O,C9H8O3,164.16,12,6,0.11,2,3,1,43.6,54.37,0.76,1.61,1.59,1.28,1.55,1.358,-2.11,1.27E+00,7.76E-03,Soluble,-2.36,7.11E-01,4.33E-03,Soluble,-2.1,1.31E+00,7.98E-03,Soluble,-2.19,High,Yes,No,No,No,No,No,No,-6.16,0,0,0,0,1,0.85,0,0,1,1
Molecule 45,COc1ccc2c(c1)[nH]c1c2CCN=C1C,C13H14N2O,214.26,16,9,0.31,1,2,1,69.23,37.38,2.11,2.07,2.16,1.41,4.1,2.37,-2.82,3.22E-01,1.50E-03,Soluble,-2.48,7.03E-01,3.28E-03,Soluble,-4.67,4.59E-03,2.14E-05,Moderately soluble,-3.323,High,Yes,Yes,Yes,No,No,Yes,No,-6.14,0,0,0,0,0,0.55,0,0,1,2.58
Molecule 46,c1ccc(nc1)c1ccccn1,C10H8N2,156.18,12,12,0,1,2,0,47.47,25.78,1.93,1.5,2.14,0.91,2.55,1.806,-2.43,5.84E-01,3.74E-03,Soluble,-1.65,3.50E+00,2.24E-02,Very soluble,-4.16,1.09E-02,7.00E-05,Moderately soluble,-2.747,High,Yes,No,Yes,No,No,No,No,-6.19,0,1,0,0,1,0.55,0,0,1,1.66
Molecule 47,COc1cccc(c1OC)C(=O)O,C9H10O4,182.17,13,6,0.22,3,4,1,46.39,55.76,1.49,1.72,1.4,1.06,1.23,1.38,-2.2,1.16E+00,6.36E-03,Soluble,-2.51,5.67E-01,3.11E-03,Soluble,-2.03,1.72E+00,9.42E-03,Soluble,-2.247,High,Yes,No,No,No,No,No,No,-6.19,0,0,0,0,1,0.85,0,0,1,1.62
Molecule 48,CC(=O)c1cc2c(o1)cccc2,C10H8O2,160.17,12,9,0.1,1,2,0,46.41,30.21,2.11,2.57,2.64,1.18,2.72,2.244,-2.94,1.83E-01,1.15E-03,Soluble,-2.85,2.25E-01,1.40E-03,Soluble,-3.61,3.92E-02,2.45E-04,Soluble,-3.133,High,Yes,No,Yes,No,No,No,No,-5.45,0,0,0,0,1,0.55,0,0,1,2.2
Molecule 49,Ic1cccnc1,C5H4IN,205,7,6,0,0,1,0,36.95,12.89,1.58,1.8,1.69,1.41,2.47,1.79,-2.88,2.71E-01,1.32E-03,Soluble,-1.69,4.19E+00,2.04E-02,Very soluble,-2.98,2.15E-01,1.05E-03,Soluble,-2.517,High,Yes,No,Yes,No,No,No,No,-6.27,0,2,0,0,1,0.55,0,1,1,1.97
Molecule 50,COc1ccccc1C(=O)C,C9H10O2,150.17,11,6,0.22,2,2,0,43.13,26.3,1.71,1.82,1.9,1.44,2.16,1.806,-2.19,9.71E-01,6.47E-03,Soluble,-1.99,1.53E+00,1.02E-02,Very soluble,-2.84,2.16E-01,1.44E-03,Soluble,-2.34,High,Yes,No,Yes,No,No,No,No,-5.92,0,1,0,0,1,0.55,0,0,1,1
Molecule 51,CC(=O)Nc1c[nH]c2c1cccc2,C10H10N2O,174.2,13,9,0.1,2,1,2,52.61,44.89,1.31,1.64,1.94,0.97,2.04,1.58,-2.33,8.08E-01,4.64E-03,Soluble,-2.2,1.11E+00,6.37E-03,Soluble,-3.67,3.75E-02,2.15E-04,Soluble,-2.733,High,Yes,No,Yes,No,No,No,No,-6.2,0,0,0,0,1,0.55,0,0,1,1.51
Molecule 52,CN(c1ccc(cc1)C(=O)O)C,C9H11NO2,165.19,12,6,0.22,2,2,1,47.61,40.54,1.5,1.28,1.45,1.64,0.78,1.33,-1.91,2.04E+00,1.23E-02,Very soluble,-1.73,3.07E+00,1.86E-02,Very soluble,-1.87,2.21E+00,1.34E-02,Soluble,-1.837,High,Yes,No,No,No,No,No,No,-6.4,0,0,0,0,1,0.85,0,0,1,1
Molecule 53,COc1c(/C=C/C(=O)O)cccc1OC,C11H12O4,208.21,15,6,0.18,4,4,1,56.1,55.76,2.01,1.78,1.69,1.3,1.79,1.714,-2.28,1.08E+00,5.20E-03,Soluble,-2.57,5.61E-01,2.70E-03,Soluble,-2.12,1.57E+00,7.53E-03,Soluble,-2.323,High,Yes,No,No,No,No,No,No,-6.31,0,0,0,0,0,0.85,0,1,1,2.21
Molecule 54,COc1cc(/C=C/C(=O)O)ccc1OC,C11H12O4,208.21,15,6,0.18,4,4,1,56.1,55.76,2.01,2.34,1.69,1.3,1.79,1.826,-2.64,4.80E-01,2.31E-03,Soluble,-3.15,1.47E-01,7.07E-04,Soluble,-2.12,1.57E+00,7.53E-03,Soluble,-2.637,High,Yes,No,No,No,No,No,No,-5.91,0,0,0,0,0,0.85,0,1,1,2.04
Molecule 55,N#Cc1c[nH]c2c1c1ccccc1n2C(=O)C,C13H9N3O,223.23,17,12,0.08,1,2,1,65,61.58,1.66,2.06,2.65,1.82,2.37,2.112,-2.98,2.35E-01,1.05E-03,Soluble,-2.98,2.33E-01,1.04E-03,Soluble,-3.77,3.76E-02,1.68E-04,Soluble,-3.243,High,Yes,No,Yes,No,No,No,No,-6.2,0,0,0,0,0,0.55,0,0,1,1.93
Molecule 56,O=C(C(F)(F)F)CC(=O)C,C5H5F3O2,154.09,10,0,0.6,3,5,0,26.74,34.14,0.99,0.92,2.36,0.53,1.6,1.28,-1.18,1.03E+01,6.65E-02,Very soluble,-1.22,9.22E+00,5.99E-02,Very soluble,-1.44,5.59E+00,3.63E-02,Soluble,-1.28,High,Yes,No,No,No,No,No,No,-6.59,0,3,0,0,1,0.55,0,1,1,1.28
Molecule 57,C=CCc1ccc(c(c1)OC)O,C10H12O2,164.2,12,6,0.2,3,2,1,49.06,29.46,2.37,2.27,2.13,2.01,2.48,2.252,-2.46,5.69E-01,3.47E-03,Soluble,-2.53,4.90E-01,2.98E-03,Soluble,-2.79,2.65E-01,1.61E-03,Soluble,-2.593,High,Yes,No,Yes,No,No,No,No,-5.69,0,0,0,0,1,0.55,0,1,1,1.58
Molecule 58,O=Cc1cc(Br)cc(c1O)[N+](=O)[O-],C7H4BrNO4,246.01,13,6,0,2,4,1,50.37,83.12,0.48,2.1,1.88,0.46,0.06,0.996,-2.9,3.11E-01,1.27E-03,Soluble,-3.48,8.22E-02,3.34E-04,Soluble,-2.01,2.40E+00,9.77E-03,Soluble,-2.797,High,No,No,No,No,No,No,No,-6.31,0,1,0,0,0,0.55,0,3,1,2.04
Molecule 59,CCCC(=O)OC[C@H]([C@H]([C@H](Cn1c2cc(C)c(cc2nc2c1nc(=O)[nH]c2=O)C)OC(=O)CCC)OC(=O)CCC)OC(=O)CCC,C33H44N4O10,656.72,47,14,0.58,21,12,1,174.4,185.84,4.37,4.15,3.73,2.75,6.55,4.31,-5.36,2.86E-03,4.36E-06,Moderately soluble,-7.76,1.14E-05,1.74E-08,Poorly soluble,-8.14,4.74E-06,7.21E-09,Poorly soluble,-7.087,Low,No,Yes,No,No,No,Yes,Yes,-7.36,2,3,2,1,4,0.17,0,2,3,5.81
Molecule 60,N#CC(S(=O)(=O)c1ccccc1)(S(=O)(=O)C)/N=N/c1ccc(cc1)N(=O)=O,C15H12N4O6S2,408.41,27,12,0.13,6,9,0,96.62,179.37,1.19,2.12,5.06,0.1,-0.06,1.682,-3.64,9.34E-02,2.29E-04,Soluble,-5.52,1.24E-03,3.03E-06,Moderately soluble,-5.16,2.85E-03,6.97E-06,Moderately soluble,-4.773,Low,No,Yes,No,No,No,No,No,-7.29,0,0,1,1,1,0.55,1,2,1,4.09
Molecule 61,C=C(c1ccccc1)C(=O)O,C9H8O2,148.16,11,6,0,2,2,1,43.11,37.3,1.46,2.02,1.78,1.9,1.72,1.776,-2.3,7.38E-01,4.98E-03,Soluble,-2.43,5.50E-01,3.71E-03,Soluble,-2.2,9.41E-01,6.35E-03,Soluble,-2.31,High,Yes,No,No,No,No,No,No,-5.77,0,2,0,0,1,0.85,0,1,1,1.37
Molecule 62,O=C1C[C@H]2C([C@]1(C)CC2)(C)C,C10H16O,152.23,11,0,0.9,0,1,0,45.64,17.07,2.15,2.19,2.4,2.3,2.85,2.378,-2.16,1.04E+00,6.86E-03,Soluble,-2.18,1.00E+00,6.57E-03,Soluble,-2.6,3.83E-01,2.52E-03,Soluble,-2.313,High,Yes,No,No,No,No,No,No,-5.67,0,1,0,0,2,0.55,0,0,1,3.22
Molecule 63,Brc1ccc(cc1)C1=CC(=O)C(=O)O1,C10H5BrO3,253.05,14,6,0,1,3,0,53.22,43.37,1.77,2.2,1.92,1.55,2.79,2.046,-3.05,2.28E-01,8.99E-04,Soluble,-2.74,4.55E-01,1.80E-03,Soluble,-3.63,5.90E-02,2.33E-04,Soluble,-3.14,High,Yes,No,Yes,No,No,No,No,-6.28,0,1,0,0,0,0.85,1,1,0,2.68
Molecule 64,C(Nc1ncnc2c1[nH]cn2)Cc1c[nH]c2c1cccc2,C15H14N6,278.31,21,18,0.13,4,3,3,82.14,82.28,0.64,2.5,2.3,1.29,2.89,1.924,-3.51,8.58E-02,3.08E-04,Soluble,-3.87,3.73E-02,1.34E-04,Soluble,-6.43,1.04E-04,3.73E-07,Poorly soluble,-4.603,High,No,Yes,Yes,Yes,No,Yes,Yes,-6.22,0,0,0,0,0,0.55,0,0,0,2.26
Molecule 65,CC(=O)Oc1cc(OC(=O)C)nc2c1[nH]c1c2cccc1,C15H12N2O4,284.27,21,13,0.13,4,5,1,76.6,81.28,2.05,2.24,2.57,2,2.82,2.336,-3.21,1.76E-01,6.20E-04,Soluble,-3.58,7.43E-02,2.62E-04,Soluble,-4.74,5.23E-03,1.84E-05,Moderately soluble,-3.843,High,No,No,Yes,No,No,No,No,-6.44,0,0,0,0,0,0.55,0,0,0,2.56
Molecule 66,Clc1ccc(cc1)C1(O)NC(=O)c2c1cccc2,C14H10ClNO2,259.69,18,12,0.07,1,2,2,71.94,49.33,2.13,2.29,1.79,3.2,3.1,2.502,-3.32,1.24E-01,4.79E-04,Soluble,-2.96,2.82E-01,1.09E-03,Soluble,-5.44,9.45E-04,3.64E-06,Moderately soluble,-3.907,High,Yes,No,Yes,No,No,Yes,No,-6.26,0,0,0,0,0,0.55,0,0,0,2.39
Molecule 67,Nc1cccc(c1)C(F)(F)F,C7H6F3N,161.12,11,6,0.14,1,3,1,35.85,26.02,1.46,2.29,3.45,2.57,2.11,2.376,-2.62,3.87E-01,2.40E-03,Soluble,-2.47,5.41E-01,3.36E-03,Soluble,-2.91,1.97E-01,1.22E-03,Soluble,-2.667,High,Yes,No,Yes,No,No,No,No,-5.66,0,2,0,0,2,0.55,0,1,1,1
Molecule 68,O=C1CC(=Nc2c(N1)ccc(c2)[N+](=O)[O-])C,C10H9N3O3,219.2,16,6,0.2,1,4,1,67.74,87.28,1.34,0.58,1.08,0.04,0.31,0.67,-1.78,3.67E+00,1.68E-02,Very soluble,-1.99,2.26E+00,1.03E-02,Very soluble,-2.98,2.31E-01,1.05E-03,Soluble,-2.25,High,No,No,Yes,No,No,No,No,-7.23,0,0,0,0,0,0.55,0,2,1,2.95
Molecule 69,CC1C(=O)OC2C1CCC1(C2=C(C)C(=O)C=C1)C,C15H18O3,246.3,18,0,0.6,0,3,0,68.15,43.37,2.16,2.29,2.42,2.38,2.64,2.378,-2.81,3.82E-01,1.55E-03,Soluble,-2.84,3.57E-01,1.45E-03,Soluble,-2.69,5.01E-01,2.03E-03,Soluble,-2.78,High,Yes,No,No,No,No,No,No,-6.18,0,0,0,0,0,0.55,0,0,1,4.27
Molecule 70,CN(c1ccccc1Br)C,C8H10BrN,200.08,10,6,0.25,1,0,0,48.35,3.24,2.26,2.74,2.52,2.88,2.06,2.492,-3.18,1.31E-01,6.54E-04,Soluble,-2.46,6.90E-01,3.45E-03,Soluble,-3.37,8.63E-02,4.32E-04,Soluble,-3.003,High,Yes,No,Yes,No,No,No,No,-5.58,0,0,0,0,1,0.55,0,0,1,1.21
Molecule 71,Oc1ccc2c(c1)cc(n2C)C.CN(=O)=O,C11H14N2O3,222.24,16,9,0.27,0,3,1,65.21,70.98,1.71,2.56,2.61,0.39,1.91,1.836,-3.25,1.26E-01,5.66E-04,Soluble,-3.7,4.45E-02,2.00E-04,Soluble,-2.65,5.02E-01,2.26E-03,Soluble,-3.2,High,Yes,No,Yes,No,No,No,No,-5.84,0,0,0,0,0,0.55,0,1,1,1.49
Molecule 72,O=N(=O)c1c(O)ccc2c1cc(n2C)C,C10H10N2O3,206.2,15,9,0.2,1,3,1,59.01,70.98,1.39,2.43,2.62,0.36,0.1,1.38,-3.03,1.94E-01,9.39E-04,Soluble,-3.56,5.63E-02,2.73E-04,Soluble,-2.52,6.18E-01,3.00E-03,Soluble,-3.037,High,Yes,No,Yes,No,No,No,No,-5.83,0,0,0,0,0,0.55,0,1,1,1.76
Molecule 73,O=S(=O)(c1cccs1)Nc1ccccc1,C10H9NO2S2,239.31,15,11,0,3,2,1,61.43,82.79,1.79,2.46,3.44,1.26,2.18,2.226,-3.22,1.45E-01,6.05E-04,Soluble,-3.84,3.44E-02,1.44E-04,Soluble,-4.17,1.63E-02,6.81E-05,Moderately soluble,-3.743,High,No,No,Yes,Yes,Yes,No,No,-6.01,0,0,0,0,0,0.55,0,0,1,2.75
Molecule 74,N#Cc1c2cccccc2c2c1n(C(=O)C)c(=O)cc2OC(=O)C,C18H12N2O4,320.3,24,14,0.11,3,5,0,87.53,89.16,1.87,1.47,2.56,2.19,2.9,2.198,-2.99,3.31E-01,1.03E-03,Soluble,-2.95,3.60E-01,1.12E-03,Soluble,-4.94,3.71E-03,1.16E-05,Moderately soluble,-3.627,High,No,No,No,Yes,No,No,No,-7.21,0,0,0,0,0,0.55,0,0,0,2.78
Molecule 75,ON=CC(=O)Nc1ccccc1C(=O)O,C9H8N2O4,208.17,15,6,0,4,5,3,52.13,98.99,0.58,2.58,0.59,0.19,0.23,0.834,-2.79,3.39E-01,1.63E-03,Soluble,-4.31,1.03E-02,4.93E-05,Moderately soluble,-1.3,1.05E+01,5.06E-02,Soluble,-2.8,High,No,No,No,No,No,No,No,-5.74,0,0,0,0,0,0.56,0,3,1,1.75
Molecule 76,CC(=O)c1ccc(s1)Br,C6H5BrOS,205.07,9,5,0.17,1,1,0,42.21,45.31,2.04,2.64,2.71,1.54,3.49,2.484,-3.12,1.56E-01,7.59E-04,Soluble,-3.24,1.17E-01,5.72E-04,Soluble,-2.86,2.83E-01,1.38E-03,Soluble,-3.073,High,Yes,No,Yes,No,No,No,No,-5.68,0,1,0,0,0,0.55,0,0,1,2.25
Molecule 77,Clc1ccc(cn1)C(=O)O,C6H4ClNO2,157.55,10,6,0,1,3,1,36.21,50.19,1.15,2.66,1.43,-0.51,1.39,1.224,-2.87,2.12E-01,1.35E-03,Soluble,-3.37,6.79E-02,4.31E-04,Soluble,-2,1.57E+00,9.98E-03,Soluble,-2.747,High,Yes,No,No,No,No,No,No,-5.37,0,3,0,0,1,0.85,0,1,1,1.4
Molecule 78,N#Cc1c2nc(OC(=O)C)cc(c2c2c1ccccc2)OC(=O)C,C18H12N2O4,320.3,24,14,0.11,4,6,0,86.08,89.28,2.46,2.73,3.06,2.12,3.34,2.742,-3.71,6.20E-02,1.93E-04,Soluble,-4.26,1.76E-02,5.51E-05,Moderately soluble,-5.59,8.16E-04,2.55E-06,Moderately soluble,-4.52,High,No,No,Yes,Yes,Yes,No,No,-6.32,0,0,0,0,0,0.55,0,0,0,2.8
Molecule 79,CN(C(=S)SSC(=S)N(C)C)C,C6H12N2S4,240.43,12,0,0.67,5,0,0,67.51,121.26,2.65,1.73,2.06,0.35,2.17,1.792,-2.09,1.95E+00,8.12E-03,Soluble,-3.89,3.08E-02,1.28E-04,Soluble,-0.63,5.58E+01,2.32E-01,Soluble,-2.203,High,No,No,No,No,No,No,No,-6.54,0,0,0,0,0,0.55,0,2,1,3.21
Molecule 80,O=P(c1ccccc1)(c1ccccc1)c1ccccc1,C18H15OP,278.28,20,18,0,3,1,0,85.83,26.88,2.76,2.83,3.33,4.02,4.13,3.414,-3.82,4.25E-02,1.53E-04,Soluble,-3.05,2.47E-01,8.86E-04,Soluble,-7.45,9.97E-06,3.58E-08,Poorly soluble,-4.773,High,Yes,No,Yes,Yes,Yes,Yes,No,-5.99,0,0,0,0,0,0.55,0,1,0,4.1
Molecule 81,C[C@@H]1CCC(=C(C)C)C(=O)C1,C10H16O,152.23,11,0,0.7,0,1,0,47.8,17.07,2.32,3.08,2.71,2.2,2.76,2.614,-2.72,2.87E-01,1.89E-03,Soluble,-3.11,1.19E-01,7.84E-04,Soluble,-2.38,6.35E-01,4.17E-03,Soluble,-2.737,High,Yes,No,No,No,No,No,No,-5.04,0,1,0,0,2,0.55,0,1,1,2.75
Molecule 82,OC(=O)COc1ccc(cc1Cl)Cl,C8H6Cl2O3,221.04,13,6,0.12,3,3,1,49.53,46.53,1.69,2.81,2.46,2.21,2.38,2.31,-3.12,1.66E-01,7.51E-04,Soluble,-3.44,7.95E-02,3.60E-04,Soluble,-3.16,1.54E-01,6.98E-04,Soluble,-3.24,High,Yes,No,Yes,No,No,No,No,-5.65,0,1,0,0,0,0.85,0,0,1,1.91
Molecule 83,CC(CC(=O)O)CCC=C(C)C,C10H18O2,170.25,12,0,0.7,5,2,1,51.48,37.3,2.28,3.02,2.84,2.47,2.13,2.548,-2.47,5.79E-01,3.40E-03,Soluble,-3.47,5.79E-02,3.40E-04,Soluble,-1.76,2.94E+00,1.73E-02,Soluble,-2.567,High,Yes,No,No,No,No,No,No,-5.19,0,0,0,0,1,0.85,0,1,1,2.47
Molecule 84,CCN(CC(=O)Nc1c(C)cccc1C)CC,C14H22N2O,234.34,17,6,0.5,6,2,1,72.81,32.34,2.86,2.26,2.39,2.38,2.64,2.506,-2.58,6.14E-01,2.62E-03,Soluble,-2.58,6.23E-01,2.66E-03,Soluble,-4.5,7.33E-03,3.13E-05,Moderately soluble,-3.22,High,Yes,No,No,No,No,Yes,No,-6.12,0,0,0,0,0,0.55,0,0,1,1.77
Molecule 85,CCOP(=S)(Oc1ccc(cc1)[N+](=O)[O-])OCC,C10H14NO5PS,291.26,18,6,0.4,7,5,0,73.92,115.41,2.42,3.83,3.92,0.65,1.28,2.42,-3.84,4.18E-02,1.43E-04,Soluble,-5.95,3.27E-04,1.12E-06,Moderately soluble,-2.8,4.65E-01,1.60E-03,Soluble,-4.197,High,No,No,Yes,Yes,Yes,No,No,-5.36,0,0,0,0,0,0.55,0,3,1,3.01
Molecule 86,CCC1(C)C(=C)[Se]/C(=C\c2ccccc2)/N1C,C15H19NSe,292.28,17,6,0.33,2,0,0,80.2,3.24,0,3.57,2.83,3.29,2.91,2.52,-4.03,2.73E-02,9.32E-05,Moderately soluble,-3.32,1.39E-01,4.74E-04,Soluble,-4.8,4.63E-03,1.58E-05,Moderately soluble,-4.05,High,Yes,No,No,No,No,No,No,-5.55,0,0,0,0,0,0.55,0,1,1,4.03
Molecule 87,CN(CCC=C1c2ccccc2CCc2c1cccc2)C,C20H23N,277.4,21,12,0.3,3,1,0,90.96,3.24,3.43,5.04,4.17,4.31,4.86,4.362,-4.96,3.04E-03,1.10E-05,Moderately soluble,-4.85,3.93E-03,1.41E-05,Moderately soluble,-6.69,5.62E-05,2.03E-07,Poorly soluble,-5.5,High,Yes,No,No,No,No,Yes,No,-4.41,1,0,0,0,2,0.55,1,0,1,3.4
Molecule 88,C=CCc1ccc2c(c1)OCO2,C10H10O2,162.19,12,6,0.2,2,2,0,46.61,18.46,2.46,2.96,2.14,2.02,3.01,2.518,-2.95,1.83E-01,1.13E-03,Soluble,-3.01,1.58E-01,9.76E-04,Soluble,-2.99,1.66E-01,1.02E-03,Soluble,-2.983,High,Yes,No,Yes,No,No,No,No,-5.19,0,0,0,0,1,0.55,0,1,1,2.1
Molecule 89,O=C(Nc1ccccc1)Nc1ccccc1,C13H12N2O,212.25,16,12,0,4,1,2,65.16,41.13,2.17,1.57,2.95,2.94,1.81,2.288,-2.44,7.78E-01,3.66E-03,Soluble,-2.04,1.92E+00,9.03E-03,Soluble,-4.97,2.26E-03,1.06E-05,Moderately soluble,-3.15,High,Yes,No,No,Yes,No,No,No,-6.48,0,0,0,0,0,0.55,0,0,1,1.6
Molecule 90,Fc1ccc(cc1)Br,C6H4BrF,175,8,6,0,0,1,0,34.1,0,2.09,3.08,3.01,3.48,3,2.932,-3.42,6.65E-02,3.80E-04,Soluble,-2.75,3.13E-01,1.79E-03,Soluble,-3.52,5.22E-02,2.99E-04,Soluble,-3.23,Low,Yes,No,Yes,No,No,No,No,-5.18,0,2,0,0,2,0.55,0,0,1,1.29
Molecule 91,O=C1CN=C(c2c(N1)ccc(c2)Cl)c1ccccc1,C15H11ClN2O,270.71,19,12,0.07,1,2,1,83.05,41.46,2.19,2.93,2.18,2.43,4.21,2.788,-3.77,4.64E-02,1.72E-04,Soluble,-3.46,9.34E-02,3.45E-04,Soluble,-6.33,1.25E-04,4.63E-07,Poorly soluble,-4.52,High,Yes,No,Yes,Yes,No,Yes,Yes,-5.87,0,0,0,0,0,0.55,0,0,0,2.9
Molecule 92,Cc1ccc2c(c1)Nc1c(CO2)n(n(c1=O)c1ccccc1)C,C18H17N3O2,307.35,23,17,0.17,1,2,1,93.27,48.19,3.08,3.28,2.59,2.87,2.4,2.844,-4.29,1.57E-02,5.09E-05,Moderately soluble,-3.97,3.32E-02,1.08E-04,Soluble,-5.35,1.37E-03,4.47E-06,Moderately soluble,-4.537,High,Yes,No,Yes,No,Yes,No,Yes,-5.85,0,0,0,0,0,0.55,0,0,0,3.35
Molecule 93,Brc1ccc(c(c1)C(=O)O)O,C7H5BrO3,217.02,11,6,0,1,3,2,43.12,57.53,1.56,3.23,1.85,1.75,1.42,1.962,-3.56,6.00E-02,2.77E-04,Soluble,-4.11,1.68E-02,7.74E-05,Moderately soluble,-2.06,1.91E+00,8.81E-03,Soluble,-3.243,High,Yes,No,No,No,No,No,No,-5.33,0,1,0,0,0,0.85,0,0,1,1.31
Molecule 94,OC(=O)COc1cc(Cl)c(cc1Cl)Cl,C8H5Cl3O3,255.48,14,6,0.12,3,3,1,54.54,46.53,1.84,3.31,3.11,2.77,3.05,2.816,-3.63,6.01E-02,2.35E-04,Soluble,-3.96,2.78E-02,1.09E-04,Soluble,-3.77,4.35E-02,1.70E-04,Soluble,-3.787,High,Yes,No,Yes,No,No,No,No,-5.51,0,1,0,0,0,0.85,0,1,0,2.12
Molecule 95,O=C1CC[C@]2(C(=C1)CC[C@@H]1[C@@H]2CC[C@]2([C@H]1CC[C@@H]2O)C)C,C19H28O2,288.42,21,0,0.84,0,2,1,85.36,37.3,2.92,3.32,3.88,3.59,3.58,3.458,-3.72,5.50E-02,1.91E-04,Soluble,-3.78,4.79E-02,1.66E-04,Soluble,-3.48,9.46E-02,3.28E-04,Soluble,-3.66,High,Yes,No,No,No,No,No,No,-5.7,0,0,0,0,0,0.55,0,0,0,4.62
Molecule 96,COC(=O)[C@@]1(O)C[C@]2(CC)CCCN3[C@@H]2c2n1c1ccccc1c2CC3,C21H26N2O3,354.44,26,9,0.57,3,4,1,103.74,54.7,2.81,2.86,2.14,2.62,2.6,2.606,-3.9,4.49E-02,1.27E-04,Soluble,-3.67,7.62E-02,2.15E-04,Soluble,-4.28,1.85E-02,5.22E-05,Moderately soluble,-3.95,High,Yes,Yes,No,No,No,Yes,No,-6.43,0,0,0,0,0,0.55,0,0,1,4.49
Molecule 97,Clc1cc(Cl)c2c(c1O)nccc2,C9H5Cl2NO,214.05,13,10,0,0,2,1,53.79,33.12,2.03,3.51,3.25,2.32,3.21,2.864,-3.95,2.41E-02,1.13E-04,Soluble,-3.89,2.76E-02,1.29E-04,Soluble,-4.37,9.24E-03,4.32E-05,Moderately soluble,-4.07,High,Yes,No,Yes,No,No,No,No,-5.11,0,1,0,0,0,0.55,0,0,2,1.53
Molecule 98,COc1cccc2c1c(=O)cc(o2)c1ccccc1,C16H12O3,252.26,19,16,0.06,2,3,0,74.41,39.44,2.65,4.08,3.47,1.91,4.02,3.226,-4.47,8.63E-03,3.42E-05,Moderately soluble,-4.61,6.15E-03,2.44E-05,Moderately soluble,-6.26,1.38E-04,5.48E-07,Poorly soluble,-5.113,High,Yes,No,Yes,Yes,Yes,Yes,Yes,-4.94,0,0,0,0,0,0.55,0,0,1,2.97
Molecule 99,c1ccc2c(c1)cccc2,C10H8,128.17,10,10,0,0,0,0,43.95,0,1.99,3.3,2.84,4.26,3.11,3.1,-3.45,4.51E-02,3.52E-04,Soluble,-2.98,1.36E-01,1.06E-03,Soluble,-4.03,1.19E-02,9.27E-05,Moderately soluble,-3.487,Low,Yes,No,Yes,No,No,No,No,-4.74,1,2,0,0,2,0.55,0,0,1,1
Molecule 100,c1ccc(cc1)P(c1ccccc1)CCP(c1ccccc1)c1ccccc1,C26H24P2,398.42,28,24,0.08,7,0,0,127.76,27.18,4.39,5.87,5.25,6.69,8.15,6.07,-6.18,2.63E-04,6.60E-07,Poorly soluble,-6.21,2.44E-04,6.12E-07,Poorly soluble,-10.9,5.00E-09,1.26E-11,Insoluble,-7.763,High,Yes,Yes,Yes,Yes,No,No,Yes,-4.56,1,0,0,0,1,0.55,0,1,2,4.48
Molecule 101,CSc1cc2nc(c3ccccc3)c(nc2c(=O)n1C)c1ccccc1,C21H17N3OS,359.44,26,22,0.1,3,3,0,107.65,73.08,3.31,3.79,4.38,3.09,4.61,3.836,-4.88,4.69E-03,1.30E-05,Moderately soluble,-5.02,3.44E-03,9.58E-06,Moderately soluble,-7.91,4.42E-06,1.23E-08,Poorly soluble,-5.937,High,Yes,No,Yes,Yes,Yes,No,Yes,-5.8,0,0,0,0,0,0.55,0,0,2,3.02
Molecule 102,CCOc1cc(OCC)cc2c1C(=O)c1c(C2=O)cc(c(c1O)C(=O)C)C,C21H20O6,368.38,27,12,0.29,5,6,1,99.53,89.9,2.96,3.79,3.48,0.89,4.86,3.196,-4.51,1.14E-02,3.09E-05,Moderately soluble,-5.37,1.56E-03,4.25E-06,Moderately soluble,-6.4,1.45E-04,3.94E-07,Poorly soluble,-5.427,High,No,No,Yes,Yes,Yes,No,Yes,-5.86,0,0,0,0,0,0.55,1,0,2,3.32
Molecule 103,Brc1ccc2c(c1)c1[nH]c(=S)sc(=S)c1[nH]2,C10H5BrN2S3,329.26,16,13,0,0,0,2,77.4,124,2.18,3.91,4.93,2.15,7.44,4.122,-4.95,3.73E-03,1.13E-05,Moderately soluble,-6.21,2.02E-04,6.13E-07,Poorly soluble,-5.32,1.58E-03,4.79E-06,Moderately soluble,-5.493,Low,No,No,Yes,Yes,Yes,No,Yes,-5.53,0,0,0,0,0,0.55,0,1,1,2.75
Molecule 104,CN(c1ccc(cc1)C1=Nc2c(C1(C)C)cccc2)C,C18H20N2,264.36,20,12,0.28,2,1,0,90.02,15.6,3.03,4.06,3.78,3.46,4.56,3.778,-4.35,1.18E-02,4.48E-05,Moderately soluble,-4.09,2.14E-02,8.09E-05,Moderately soluble,-6.38,1.11E-04,4.22E-07,Poorly soluble,-4.94,High,Yes,No,Yes,Yes,No,Yes,No,-5.03,0,0,0,0,0,0.55,0,0,1,3.14
Molecule 105,O=c1c2cccc3c2c(c2n1c1ccccc1n2)ccc3,C18H10N2O,270.28,21,20,0,0,2,0,85.17,34.37,2.51,3.97,3.59,3.9,3.69,3.532,-4.72,5.13E-03,1.90E-05,Moderately soluble,-4.39,1.09E-02,4.05E-05,Moderately soluble,-6.6,6.85E-05,2.54E-07,Poorly soluble,-5.237,High,Yes,No,Yes,Yes,No,No,No,-5.13,0,0,0,0,0,0.55,0,0,1,2.09
Molecule 106,O=C1NC2C(C1(c1ccccc1)c1ccccc1)CCCC2,C20H21NO,291.39,22,12,0.35,2,1,1,92.12,29.1,2.69,4.14,3.28,3.79,4.22,3.624,-4.53,8.67E-03,2.98E-05,Moderately soluble,-4.46,1.01E-02,3.48E-05,Moderately soluble,-6.59,7.44E-05,2.55E-07,Poorly soluble,-5.193,High,Yes,Yes,No,Yes,No,Yes,No,-5.14,0,0,0,0,0,0.55,0,0,1,2.9
Molecule 107,CN(CCCN1c2ccccc2Sc2c1cc(cc2)C(=O)C)C,C19H22N2OS,326.46,23,12,0.32,5,2,0,100.26,48.85,3.42,4.25,4.06,3.35,3.75,3.766,-4.6,8.25E-03,2.53E-05,Moderately soluble,-4.99,3.36E-03,1.03E-05,Moderately soluble,-5.99,3.33E-04,1.02E-06,Moderately soluble,-5.193,High,Yes,No,Yes,Yes,Yes,Yes,Yes,-5.27,0,0,0,0,0,0.55,0,0,1,3.11
Molecule 108,ClC(=C(Cl)Cl)/C(=C\C(Br)(Br)Br)/[N+](=O)C1CCOCC1,C10H10Br3Cl3NO2+,522.26,19,0,0.6,4,2,0,89.87,29.31,4.14,4.77,5.55,3.08,3.68,4.244,-5.82,7.92E-04,1.52E-06,Moderately soluble,-5.12,3.99E-03,7.65E-06,Moderately soluble,-5.16,3.60E-03,6.89E-06,Moderately soluble,-5.367,High,Yes,No,No,Yes,No,No,No,-6.1,1,1,0,0,0,0.55,0,3,2,3.36
Molecule 109,Cc1ccccc1Sc1ccccc1,C13H12S,200.3,14,12,0.08,2,0,0,61.97,25.3,2.72,4.36,4.15,4.68,4.12,4.006,-4.33,9.35E-03,4.67E-05,Moderately soluble,-4.61,4.95E-03,2.47E-05,Moderately soluble,-5.42,7.67E-04,3.83E-06,Moderately soluble,-4.787,High,Yes,No,Yes,Yes,Yes,No,No,-4.43,1,0,0,0,1,0.55,0,0,2,1.6
Molecule 110,Brc1ccc(cc1)C(=O)c1noc(c1)c1ccccc1,C16H10BrNO2,328.16,20,17,0,3,3,0,79.51,43.1,3.19,4.4,4.34,2.82,4.5,3.85,-5.08,2.74E-03,8.36E-06,Moderately soluble,-5.02,3.12E-03,9.50E-06,Moderately soluble,-7.05,2.94E-05,8.95E-08,Poorly soluble,-5.717,High,Yes,No,Yes,Yes,Yes,No,No,-5.18,0,0,0,0,0,0.55,0,0,1,2.8
Molecule 111,COc1ccc(cc1)P(c1ccc(cc1)OC)c1ccc(cc1)OC,C21H21O3P,352.36,25,18,0.14,6,3,0,104.62,41.28,4.14,4.52,3.47,3.77,5.57,4.294,-5.01,3.45E-03,9.79E-06,Moderately soluble,-5.11,2.74E-03,7.79E-06,Moderately soluble,-7.88,4.61E-06,1.31E-08,Poorly soluble,-6,High,Yes,No,Yes,Yes,Yes,Yes,No,-5.24,0,0,0,0,0,0.55,0,1,2,3.49
Molecule 112,CCN(CCCC(Nc1ccnc2c1ccc(c2)Cl)C)CC,C18H26ClN3,319.87,22,10,0.5,8,2,1,97.41,28.16,3.95,4.63,4.62,3.2,4.32,4.144,-4.55,9.05E-03,2.83E-05,Moderately soluble,-4.95,3.61E-03,1.13E-05,Moderately soluble,-6.92,3.86E-05,1.21E-07,Poorly soluble,-5.473,High,Yes,No,Yes,No,No,Yes,Yes,-4.96,0,0,0,0,0,0.55,0,0,2,2.76
Molecule 113,c1ccc(cc1)P(c1ccccc1)c1ccccc1,C18H15P,262.29,19,18,0,3,0,0,85.15,13.59,3.29,5.69,3.44,5.16,5.5,4.616,-5.55,7.33E-04,2.79E-06,Moderately soluble,-5.74,4.76E-04,1.82E-06,Moderately soluble,-7.54,7.50E-06,2.86E-08,Poorly soluble,-6.277,High,Yes,No,Yes,Yes,Yes,No,No,-3.86,1,0,0,0,2,0.55,0,1,1,3.85
Molecule 114,CCCCOC(=O)c1ccccc1C(=O)OCCCC,C16H22O4,278.34,20,6,0.5,10,4,0,77.84,52.6,2.97,4.5,3.6,3.43,3.97,3.694,-3.96,3.03E-02,1.09E-04,Soluble,-5.33,1.32E-03,4.73E-06,Moderately soluble,-4.98,2.93E-03,1.05E-05,Moderately soluble,-4.757,High,Yes,No,Yes,Yes,No,No,No,-4.8,0,0,0,0,0,0.55,0,1,2,2.41
Molecule 115,CC[C@H]([C@@H](c1ccc(cc1)O)CC)c1ccc(cc1)O,C18H22O2,270.37,20,12,0.33,5,2,2,83.98,40.46,2.66,5.17,4.79,3.94,4.4,4.192,-4.89,3.50E-03,1.30E-05,Moderately soluble,-5.77,4.64E-04,1.71E-06,Moderately soluble,-5.45,9.68E-04,3.58E-06,Moderately soluble,-5.37,High,Yes,Yes,No,Yes,No,Yes,No,-4.28,0,0,0,0,1,0.55,0,0,1,2.44
Molecule 116,CCC(c1cc(C)cc(c1O)C(C)(C)C)(C)C,C16H26O,234.38,17,6,0.62,3,1,1,76.78,20.23,3.47,5.64,4.69,4.37,4.74,4.582,-4.91,2.89E-03,1.23E-05,Moderately soluble,-5.83,3.48E-04,1.48E-06,Moderately soluble,-5.04,2.13E-03,9.08E-06,Moderately soluble,-5.26,High,Yes,No,No,No,No,Yes,No,-3.73,1,0,0,0,2,0.55,0,0,2,1.76
Molecule 117,COc1ccc(cc1)C(C(Cl)(Cl)Cl)c1ccc(cc1)OC,C16H15Cl3O2,345.65,21,12,0.25,5,2,0,88.11,18.46,3.44,5.08,5.21,4.17,5.3,4.64,-5.28,1.83E-03,5.29E-06,Moderately soluble,-5.21,2.13E-03,6.16E-06,Moderately soluble,-7.08,2.89E-05,8.36E-08,Poorly soluble,-5.857,High,Yes,No,Yes,Yes,Yes,Yes,No,-4.8,1,0,0,0,1,0.55,0,1,1,1.98
Molecule 118,COC(=O)CCC1=C(C)C2=Cc3[nH]c(c(c3C)CC)C=c3[nH]c(=CC4=NC(=CC1=N2)C(=C4C)CCC(=O)OC)c(CC)c3C,C36H42N4O4,594.74,44,10,0.39,10,6,2,184.85,108.9,5.16,5.33,4.51,2.65,9.7,5.47,-6.39,2.40E-04,4.04E-07,Poorly soluble,-7.37,2.54E-05,4.28E-08,Poorly soluble,-10.31,2.89E-08,4.86E-11,Insoluble,-8.023,High,No,Yes,No,No,No,No,No,-6.14,1,3,0,0,1,0.55,0,1,3,7.82
Molecule 119,COc1ccc(cc1)N=NC(=NNc1ccccc1)c1ccccc1,C20H18N4O,330.38,25,18,0.05,6,4,1,100.31,58.34,3.69,5.7,5.06,4.43,4.59,4.694,-5.62,8.00E-04,2.42E-06,Moderately soluble,-6.69,6.73E-05,2.04E-07,Poorly soluble,-7.77,5.57E-06,1.69E-08,Poorly soluble,-6.693,High,Yes,No,No,Yes,Yes,No,No,-4.27,1,0,0,0,1,0.55,1,3,1,3.12
Molecule 120,CCN(CCCC(Nc1c2cc(OC)ccc2nc2c1ccc(c2)Cl)C)CC,C23H30ClN3O,399.96,28,14,0.43,9,3,1,121.41,37.39,4.3,6.03,5.78,3.79,5.52,5.084,-5.89,5.10E-04,1.27E-06,Moderately soluble,-6.59,1.02E-04,2.55E-07,Poorly soluble,-8.66,8.67E-07,2.17E-09,Poorly soluble,-7.047,High,Yes,Yes,Yes,No,No,Yes,Yes,-4.46,0,1,0,0,1,0.55,1,1,3,3.19
Molecule 121,CCC(c1cc(cc(c1O)C(CC)(C)C)C(C)(C)C)(C)C,C20H34O,290.48,21,6,0.7,5,1,1,95.89,20.23,4.04,7.14,6.06,5.31,6.07,5.724,-6.02,2.77E-04,9.54E-07,Poorly soluble,-7.39,1.20E-05,4.12E-08,Poorly soluble,-6.26,1.61E-04,5.55E-07,Poorly soluble,-6.557,High,No,No,Yes,No,No,No,No,-3,1,1,0,1,2,0.55,0,0,1,2.25
Molecule 122,COc1ccc(cc1)/C(=N\Nc1ccc(cc1)OC)/N=N/c1ccc(cc1)N(=O)=O,C21H19N5O4,405.41,30,18,0.1,8,7,1,115.63,113.39,3.53,5.51,5.5,2.88,2.9,4.064,-5.74,7.36E-04,1.82E-06,Moderately soluble,-7.65,9.07E-06,2.24E-08,Poorly soluble,-7.71,8.00E-06,1.97E-08,Poorly soluble,-7.033,Low,No,No,No,Yes,Yes,No,No,-4.86,0,0,0,0,1,0.55,1,4,3,3.4
Molecule 123,ClC(C(c1ccc(cc1)Cl)c1ccc(cc1)Cl)(Cl)Cl,C14H9Cl5,354.49,19,12,0.14,3,0,0,85.15,0,3.4,6.91,6.5,6.17,6.49,5.894,-6.66,7.75E-05,2.19E-07,Poorly soluble,-6.72,6.73E-05,1.90E-07,Poorly soluble,-8.05,3.17E-06,8.95E-09,Poorly soluble,-7.143,Low,No,No,No,Yes,Yes,No,No,-3.56,1,1,0,1,2,0.55,0,1,2,1.92
Molecule 124,CCCCCCCC/C=C/CCCCCCCC(=O)OC,C19H36O2,296.49,21,0,0.84,16,2,0,94.26,26.3,4.75,7.45,6.2,4.8,6.54,5.948,-5.32,1.43E-03,4.83E-06,Moderately soluble,-7.83,4.34E-06,1.46E-08,Poorly soluble,-6.09,2.40E-04,8.11E-07,Poorly soluble,-6.413,High,No,No,Yes,No,No,No,No,-2.82,1,1,1,1,2,0.55,0,1,2,3.16
Molecule 125,O[C@H]1CC[C@]2(C(=CC=C3[C@@H]2CC[C@]2([C@H]3CC[C@@H]2[C@@H](/C=C/[C@@H](C(C)C)C)C)C)C1)C,C28H44O,396.65,29,0,0.79,4,1,1,127.47,20.23,4.81,7.43,7.33,6.33,6.44,6.468,-6.72,7.63E-05,1.92E-07,Poorly soluble,-7.69,8.17E-06,2.06E-08,Poorly soluble,-5.06,3.45E-03,8.69E-06,Moderately soluble,-6.49,Low,No,No,No,No,Yes,No,No,-3.44,1,2,0,1,2,0.55,0,1,2,6.58
Molecule 126,[O-][N+](=O)c1ccc(cc1)c1cc(c2ccccc2)c2c(n1)c1c(cc2)cccc1S(=O)(=O)O,C25H16N2O5S,456.47,33,26,0,4,6,1,128.8,121.46,1.88,5.3,6.96,3.29,2.67,4.02,-6.33,2.14E-04,4.70E-07,Poorly soluble,-7.6,1.14E-05,2.50E-08,Poorly soluble,-9.01,4.48E-07,9.82E-10,Poorly soluble,-7.647,Low,No,No,Yes,Yes,No,No,No,-5.32,0,1,0,1,1,0.56,0,4,2,3.14
Molecule 127,Oc1ccccc1C1CCCCC1,C12H16O,176.25,13,6,0.5,1,1,1,55.35,20.23,2.51,4.1,3.44,2.94,3.19,3.24,-3.79,2.85E-02,1.62E-04,Soluble,-4.23,1.04E-02,5.88E-05,Moderately soluble,-3.25,9.80E-02,5.56E-04,Soluble,-3.757,High,Yes,No,No,No,No,Yes,No,-4.46,0,0,0,0,2,0.55,0,0,2,1.51
Molecule 128,OC(=NC1CCCCC1)C(c1ccccc1)(c1ccccc1)O,C20H23NO2,309.4,23,12,0.35,4,3,2,93.73,52.82,3.05,4.21,4.1,3.32,4.08,3.75,-4.53,9.07E-03,2.93E-05,Moderately soluble,-5.03,2.89E-03,9.35E-06,Moderately soluble,-5.33,1.46E-03,4.71E-06,Moderately soluble,-4.963,High,Yes,No,Yes,No,No,Yes,No,-5.2,0,0,0,0,0,0.55,0,2,1,3.04
Molecule 129,Clc1ccc(c(c1)C(=N[C@@H](CC1CCCCC1)C)c1ccccc1)O,C22H26ClNO,355.9,25,12,0.41,5,2,1,107.76,32.59,4.05,7.15,6.24,4.58,6.39,5.68,-6.58,9.44E-05,2.65E-07,Poorly soluble,-7.66,7.87E-06,2.21E-08,Poorly soluble,-7.28,1.86E-05,5.22E-08,Poorly soluble,-7.173,High,No,No,No,Yes,Yes,Yes,No,-3.39,1,1,0,1,1,0.55,0,1,2,3.61
Molecule 130,O=c1cc(oc2c1cccc2)c1ccccc1,C15H10O2,222.24,17,16,0,1,2,0,67.92,30.21,2.55,3.56,3.46,2.27,4.04,3.18,-4.09,1.80E-02,8.11E-05,Moderately soluble,-3.88,2.93E-02,1.32E-04,Soluble,-6.13,1.63E-04,7.33E-07,Poorly soluble,-4.7,High,Yes,No,Yes,Yes,No,No,No,-5.13,0,0,0,0,0,0.55,0,0,2,2.88
Molecule 131,O=c1c(O)c(oc2c1cccc2)c1ccccc1,C15H10O3,238.24,18,16,0,1,3,1,69.94,50.44,2.44,3.4,3.17,1.66,3.52,2.84,-4.05,2.12E-02,8.90E-05,Moderately soluble,-4.14,1.73E-02,7.27E-05,Moderately soluble,-5.56,6.56E-04,2.75E-06,Moderately soluble,-4.583,High,Yes,No,Yes,Yes,No,Yes,Yes,-5.34,0,0,0,0,0,0.55,0,0,1,2.93
Molecule 132,OC(=O)C(Cc1cc2ccccc2oc1=O)N,C12H11NO4,233.22,17,10,0.17,3,5,2,61.54,93.53,1.41,-1.41,0.75,-1.52,1.48,0.14,-0.63,5.41E+01,2.32E-01,Very soluble,-0.05,2.07E+02,8.87E-01,Very soluble,-3.09,1.91E-01,8.18E-04,Soluble,-1.257,High,No,No,No,No,No,No,No,-8.72,0,0,0,0,0,0.55,0,1,1,3.16
Molecule 133,COc1c(oc2c(c1=O)cccc2)c1ccccc1,C16H12O3,252.26,19,16,0.06,2,3,0,74.41,39.44,2.8,3.73,3.47,1.91,4.02,3.19,-4.25,1.43E-02,5.69E-05,Moderately soluble,-4.25,1.42E-02,5.62E-05,Moderately soluble,-6.26,1.38E-04,5.48E-07,Poorly soluble,-4.92,High,Yes,No,Yes,Yes,Yes,Yes,Yes,-5.19,0,0,0,0,0,0.55,0,0,1,3
Molecule 134,Oc1cccc2c1c(=O)cc(o2)c1ccccc1,C15H10O3,238.24,18,16,0,1,3,1,69.94,50.44,2.61,4.3,3.17,1.66,3.52,3.05,-4.62,5.74E-03,2.41E-05,Moderately soluble,-5.07,2.02E-03,8.46E-06,Moderately soluble,-5.56,6.56E-04,2.75E-06,Moderately soluble,-5.083,High,Yes,No,Yes,Yes,No,Yes,No,-4.7,0,0,0,0,0,0.55,0,0,2,2.87
Molecule 135,Oc1ccc(cc1)c1cc(=O)c2c(o1)cccc2,C15H10O3,238.24,18,16,0,1,3,1,69.94,50.44,2.2,3.2,3.17,1.66,3.52,2.75,-3.92,2.83E-02,1.19E-04,Soluble,-3.93,2.79E-02,1.17E-04,Soluble,-5.56,6.56E-04,2.75E-06,Moderately soluble,-4.47,High,Yes,No,Yes,Yes,No,Yes,Yes,-5.48,0,0,0,0,0,0.55,0,0,1,2.74
Molecule 136,C=C[C@H]1CN2CC[C@H]1C[C@@H]2[C@H](c1ccnc2c1cc(OC)cc2)O,C20H24N2O2,324.42,24,10,0.45,4,4,1,99.73,45.59,3.33,2.88,2.47,2.23,3.11,2.8,-3.71,6.32E-02,1.95E-04,Soluble,-3.5,1.03E-01,3.18E-04,Soluble,-4.31,1.60E-02,4.92E-05,Moderately soluble,-3.84,High,Yes,No,No,No,No,Yes,No,-6.23,0,0,0,0,0,0.55,0,1,0,4.34
Molecule 137,O=C(c1ccccc1)C1CCC1,C11H12O,160.21,12,6,0.36,2,1,0,48.94,17.07,2.14,2.6,2.67,2.3,3.05,2.55,-2.71,3.13E-01,1.95E-03,Soluble,-2.61,3.95E-01,2.47E-03,Soluble,-3.21,9.83E-02,6.14E-04,Soluble,-2.843,High,Yes,No,No,No,No,No,No,-5.43,0,0,0,0,2,0.55,0,0,1,1.21
Molecule 138,CCCCc1ccc(cc1)NC(=O)/C(=N/Nc1ccccc1)/C(=O)C,C20H23N3O2,337.42,25,12,0.25,9,3,2,102.47,70.56,2.95,6,3.64,2.82,4.02,3.89,-5.47,1.13E-03,3.36E-06,Moderately soluble,-7.26,1.86E-05,5.51E-08,Poorly soluble,-6.97,3.65E-05,1.08E-07,Poorly soluble,-6.567,High,Yes,No,Yes,Yes,Yes,No,No,-4.1,0,0,0,0,1,0.55,1,2,2,2.98
Molecule 139,CCc1ccc(cc1)C(C)(C)C,C12H18,162.27,12,6,0.5,2,0,0,55.48,0,2.87,5.6,3.55,5.05,3.85,4.18,-4.61,3.96E-03,2.44E-05,Moderately soluble,-5.36,7.05E-04,4.34E-06,Moderately soluble,-4.39,6.63E-03,4.08E-05,Moderately soluble,-4.787,Low,Yes,No,No,No,No,Yes,No,-3.31,1,0,0,0,3,0.55,0,0,2,1
Molecule 140,COc1ccc2c(c1)CCC1C2=CC(=O)O1,C13H12O3,216.23,16,6,0.31,1,3,0,59.47,35.53,2.3,1.79,1.95,2.04,2.69,2.15,-2.52,6.53E-01,3.02E-03,Soluble,-2.15,1.51E+00,7.00E-03,Soluble,-3.34,9.84E-02,4.55E-04,Soluble,-2.67,High,Yes,No,Yes,No,No,No,No,-6.35,0,0,0,0,0,0.55,0,0,1,3.12
Molecule 141,COc1ccc2c(c1)ccc(c2)O,C11H10O2,174.2,13,10,0.09,1,2,1,52.46,29.46,1.97,2.23,2.55,2.17,2.48,2.28,-2.83,2.59E-01,1.49E-03,Soluble,-2.48,5.72E-01,3.28E-03,Soluble,-3.62,4.16E-02,2.39E-04,Soluble,-2.977,High,Yes,No,Yes,No,No,No,No,-5.78,0,0,0,0,1,0.55,0,0,1,1
Molecule 142,COc1ccc2c(c1)cc(cc2)O,C11H10O2,174.2,13,10,0.09,1,2,1,52.46,29.46,1.92,2.23,2.55,2.17,2.48,2.27,-2.83,2.59E-01,1.49E-03,Soluble,-2.48,5.72E-01,3.28E-03,Soluble,-3.62,4.16E-02,2.39E-04,Soluble,-2.977,High,Yes,No,Yes,No,No,No,No,-5.78,0,0,0,0,1,0.55,0,0,1,1
Molecule 143,COc1cccc(c1)NC(=O)c1ccco1,C12H11NO3,217.22,16,11,0.08,4,3,1,59.41,51.47,2.03,2.13,2.35,0.92,2.01,1.89,-2.77,3.66E-01,1.68E-03,Soluble,-2.84,3.12E-01,1.44E-03,Soluble,-4.26,1.19E-02,5.46E-05,Moderately soluble,-3.29,High,Yes,No,Yes,No,No,No,No,-6.11,0,0,0,0,0,0.55,0,0,1,2.05
Molecule 144,COc1ccc(cc1)c1nnc(o1)c1ccccc1,C15H12N2O2,252.27,19,17,0.07,3,4,0,71.66,48.15,3.04,3.05,3.41,2.37,3.41,3.06,-3.79,4.09E-02,1.62E-04,Soluble,-3.73,4.73E-02,1.87E-04,Soluble,-6.03,2.34E-04,9.27E-07,Poorly soluble,-4.517,High,Yes,No,Yes,Yes,No,Yes,Yes,-5.67,0,0,0,0,0,0.55,0,0,0,2.54
Molecule 145,COc1cccc2c1cc(Cl)ccc2=O,C12H9ClO2,220.65,15,11,0.08,1,2,0,61.72,26.3,2.46,3.04,2.86,2.21,3.65,2.84,-3.6,5.54E-02,2.51E-04,Soluble,-3.26,1.22E-01,5.52E-04,Soluble,-5.15,1.57E-03,7.11E-06,Moderately soluble,-4.003,High,Yes,No,Yes,Yes,No,No,No,-5.49,0,0,0,0,0,0.55,0,0,1,1.71
Molecule 146,COc1ccc2c(c1)cc(Cl)ccc2=O,C12H9ClO2,220.65,15,11,0.08,1,2,0,61.72,26.3,2.45,3.04,2.86,2.21,3.65,2.84,-3.6,5.54E-02,2.51E-04,Soluble,-3.26,1.22E-01,5.52E-04,Soluble,-5.15,1.57E-03,7.11E-06,Moderately soluble,-4.003,High,Yes,No,Yes,Yes,No,No,No,-5.49,0,0,0,0,0,0.55,0,0,1,1.55
Molecule 147,COc1cccc2c1ccc(=O)c(c2)Cl,C12H9ClO2,220.65,15,11,0.08,1,2,0,61.72,26.3,2.36,3.24,2.86,2.21,3.65,2.87,-3.73,4.15E-02,1.88E-04,Soluble,-3.47,7.55E-02,3.42E-04,Soluble,-5.15,1.57E-03,7.11E-06,Moderately soluble,-4.117,High,Yes,No,Yes,Yes,No,No,No,-5.35,0,0,0,0,0,0.55,0,0,1,1.56
Molecule 148,COc1c(Cl)c(=O)ccc2c1cccc2,C12H9ClO2,220.65,15,11,0.08,1,2,0,61.72,26.3,2.3,2.96,2.86,2.21,3.65,2.8,-3.55,6.23E-02,2.82E-04,Soluble,-3.18,1.47E-01,6.68E-04,Soluble,-5.15,1.57E-03,7.11E-06,Moderately soluble,-3.96,High,Yes,No,Yes,Yes,No,No,No,-5.54,0,0,0,0,0,0.55,0,0,1,1.83
Molecule 149,N#Cc1cc(OC)ccc1/C=C/C(=O)O,C11H9NO3,203.19,15,6,0.09,3,4,1,54.32,70.32,1.69,1.56,1.56,0.95,1.76,1.5,-2.18,1.34E+00,6.60E-03,Soluble,-2.65,4.58E-01,2.26E-03,Soluble,-2.08,1.69E+00,8.32E-03,Soluble,-2.303,High,Yes,No,Yes,No,No,No,No,-6.43,0,0,0,0,0,0.85,0,1,1,2.16
Molecule 150,N#Cc1cc(OC)ccc1/C=C\C(=O)O,C11H9NO3,203.19,15,6,0.09,3,4,1,54.32,70.32,1.66,1.56,1.56,0.95,1.76,1.5,-2.18,1.34E+00,6.60E-03,Soluble,-2.65,4.58E-01,2.26E-03,Soluble,-2.08,1.69E+00,8.32E-03,Soluble,-2.303,High,Yes,No,Yes,No,No,No,No,-6.43,0,0,0,0,0,0.85,0,1,1,2.16
Molecule 151,COc1ccc(cc1)/C=C/C1=NN=C(CC1)O,C13H14N2O2,230.26,17,6,0.23,3,4,1,75.73,54.18,2.28,1.65,1.94,1.92,3.51,2.26,-2.37,9.82E-01,4.26E-03,Soluble,-2.4,9.14E-01,3.97E-03,Soluble,-3.22,1.38E-01,5.98E-04,Soluble,-2.663,High,Yes,No,Yes,No,No,No,No,-6.53,0,0,0,0,0,0.55,0,0,1,3.11
Molecule 152,COc1cc(C=O)c(c(c1)[N+](=O)[O-])O,C8H7NO5,197.14,14,6,0.12,3,5,1,49.17,92.35,1.25,1.38,1.12,-0.52,-0.62,0.52,-2.05,1.75E+00,8.90E-03,Soluble,-2.92,2.36E-01,1.20E-03,Soluble,-1.28,1.03E+01,5.20E-02,Soluble,-2.083,High,No,No,No,No,No,No,No,-6.52,0,0,0,0,1,0.55,0,3,1,2.14
Molecule 153,FC(Oc1ccc2c(c1)C(=NCC(=N2)O)c1ccccc1)F,C16H12F2N2O2,302.28,22,12,0.12,3,6,1,86.3,54.18,2.46,3.66,3.81,2.23,4.45,3.32,-4.23,1.80E-02,5.95E-05,Moderately soluble,-4.49,9.85E-03,3.26E-05,Moderately soluble,-5.57,8.10E-04,2.68E-06,Moderately soluble,-4.763,High,Yes,No,Yes,Yes,No,Yes,No,-5.55,0,0,0,0,0,0.55,0,0,1,3.53
Molecule 154,CO[Si](c1ccccc1)(c1ccccc1)OC,C14H16O2Si,244.36,17,12,0.14,4,2,0,71.8,18.46,3.09,3.67,1.54,2.41,1.8,2.5,-3.93,2.90E-02,1.19E-04,Soluble,-3.75,4.37E-02,1.79E-04,Soluble,-5.28,1.28E-03,5.25E-06,Moderately soluble,-4.32,High,Yes,No,Yes,No,No,Yes,No,-5.18,0,0,0,0,0,0.55,0,1,2,4.08
Molecule 155,CO[Si](c1ccccc1)(OC)C,C9H14O2Si,182.29,12,6,0.33,3,2,0,51.59,18.46,2.62,2.38,1.26,1.26,0.56,1.61,-2.64,4.16E-01,2.28E-03,Soluble,-2.41,7.12E-01,3.90E-03,Soluble,-3.14,1.31E-01,7.19E-04,Soluble,-2.73,High,Yes,No,Yes,No,No,No,No,-5.72,0,0,0,0,1,0.55,0,1,1,3.72
Molecule 156,CC=CC(=Nc1ccc(cc1S(=O)(=O)N)Cl)O,C10H11ClN2O3S,274.72,17,6,0.1,3,5,2,67.17,101.13,1.67,1.64,3.23,1.38,1.22,1.83,-2.64,6.30E-01,2.29E-03,Soluble,-3.38,1.15E-01,4.20E-04,Soluble,-2.57,7.33E-01,2.67E-03,Soluble,-2.863,High,No,No,No,No,No,No,No,-6.81,0,0,0,0,0,0.55,0,2,0,2.98
Molecule 157,CO[Si](c1ccccc1)(OC)C,C9H14O2Si,182.29,12,6,0.33,3,2,0,51.59,18.46,2.62,2.38,1.26,1.26,0.56,1.61,-2.64,4.16E-01,2.28E-03,Soluble,-2.41,7.12E-01,3.90E-03,Soluble,-3.14,1.31E-01,7.19E-04,Soluble,-2.73,High,Yes,No,Yes,No,No,No,No,-5.72,0,0,0,0,1,0.55,0,1,1,3.72
Molecule 158,Nc1c(C)n(n(c1=O)c1ccccc1)C,C11H13N3O,203.24,15,11,0.18,1,1,1,60.66,52.95,2.04,0.14,1.07,1.59,0.79,1.13,-1.66,4.40E+00,2.16E-02,Very soluble,-0.81,3.16E+01,1.55E-01,Very soluble,-2.43,7.55E-01,3.72E-03,Soluble,-1.633,High,Yes,No,Yes,No,No,No,No,-7.44,0,0,0,0,0,0.55,0,0,1,2.16
Molecule 159,Nc1ccc(cc1Cl)S(=O)(=O)C,C7H8ClNO2S,205.66,12,6,0.14,1,2,1,48.95,68.54,1.17,1.52,2.41,1.5,1.06,1.53,-2.38,8.64E-01,4.20E-03,Soluble,-2.57,5.56E-01,2.70E-03,Soluble,-2.97,2.19E-01,1.06E-03,Soluble,-2.64,High,Yes,No,No,No,No,No,No,-6.48,0,0,0,0,0,0.55,0,1,1,1.91
Molecule 160,CS(=O)(=O)c1ccccc1,C7H8O2S,156.2,10,6,0.14,1,2,0,39.54,42.52,1.26,0.5,2.17,1.51,1.12,1.31,-1.5,4.92E+00,3.15E-02,Very soluble,-0.96,1.70E+01,1.09E-01,Very soluble,-2.69,3.15E-01,2.02E-03,Soluble,-1.717,High,Yes,No,No,No,No,No,No,-6.9,0,3,0,0,1,0.55,0,0,1,1.63
Molecule 161,c1ccc2c(n1)c1ncccc1cc2,C12H8N2,180.21,14,14,0,0,2,0,57.04,25.78,1.65,1.78,2.78,1.86,2.99,2.21,-2.82,2.74E-01,1.52E-03,Soluble,-1.94,2.07E+00,1.15E-02,Very soluble,-5,1.79E-03,9.95E-06,Moderately soluble,-3.253,High,Yes,Yes,Yes,No,No,No,Yes,-6.14,0,0,0,0,1,0.55,0,1,1,1.39
Molecule 162,COC(=O)C1=C(C(=O)OC)C2CC1C=C2,C11H12O4,208.21,15,0,0.45,4,4,0,52.38,52.6,2.49,1.21,0.83,1.27,1.14,1.39,-1.63,4.89E+00,2.35E-02,Very soluble,-1.91,2.55E+00,1.23E-02,Very soluble,-1.02,1.99E+01,9.55E-02,Soluble,-1.52,High,Yes,No,No,No,No,No,No,-6.71,0,0,0,0,0,0.55,0,2,1,4.57
Molecule 163,CCCCCCCCc1ccc(cc1)C(=O)C,C16H24O,232.36,17,6,0.56,8,1,0,75.25,17.07,3.4,5.26,4.79,4.01,5.28,4.55,-4.33,1.09E-02,4.70E-05,Moderately soluble,-5.37,9.96E-04,4.29E-06,Moderately soluble,-5.96,2.54E-04,1.09E-06,Moderately soluble,-5.22,High,Yes,No,Yes,No,No,Yes,No,-3.98,0,0,0,0,2,0.55,0,0,3,1.71
Molecule 164,CCOC(=O)C1=NN(C(=O)C1)c1ccccc1,C12H12N2O3,232.24,17,6,0.25,4,4,0,69.19,58.97,2.32,1.6,0.58,1.22,1.93,1.53,-2.29,1.20E+00,5.19E-03,Soluble,-2.45,8.24E-01,3.55E-03,Soluble,-2.97,2.47E-01,1.06E-03,Soluble,-2.57,High,No,No,Yes,No,No,No,No,-6.58,0,0,0,0,0,0.55,1,0,1,2.69
Molecule 165,O=C(c1ccccc1)CC(=O)C,C10H10O2,162.19,12,6,0.2,3,2,0,46.45,34.14,1.52,1.57,1.85,1.39,2.38,1.74,-2.01,1.60E+00,9.85E-03,Soluble,-1.9,2.05E+00,1.27E-02,Very soluble,-3.08,1.36E-01,8.39E-04,Soluble,-2.33,High,Yes,No,Yes,No,No,No,No,-6.17,0,0,0,0,1,0.55,0,1,1,1
Molecule 166,CC(=O)c1ccc(cc1)[N+](=O)[O-],C8H7NO3,165.15,12,6,0.12,2,3,0,45.46,62.89,1.32,1.53,1.8,0.59,-0.01,1.05,-2.07,1.42E+00,8.59E-03,Soluble,-2.46,5.73E-01,3.47E-03,Soluble,-2.11,1.29E+00,7.83E-03,Soluble,-2.213,High,Yes,No,Yes,No,No,No,No,-6.22,0,1,0,0,1,0.55,0,2,1,1.38
Molecule 167,O=C(c1ccccc1)CC(=O)C(F)(F)F,C10H7F3O2,216.16,15,6,0.2,4,5,0,46.64,34.14,1.48,2.58,3.65,1.82,2.97,2.5,-2.84,3.14E-01,1.45E-03,Soluble,-2.95,2.45E-01,1.13E-03,Soluble,-3.59,5.52E-02,2.55E-04,Soluble,-3.127,High,Yes,No,No,Yes,No,No,No,-5.79,0,0,0,0,0,0.55,0,1,1,1.3
Molecule 168,O=C(c1ccccc1)/C=C/c1ccccc1,C15H12O,208.26,16,12,0,3,1,0,66.25,17.07,2.53,3.08,3.47,3.44,3.95,3.29,-3.43,7.76E-02,3.73E-04,Soluble,-3.11,1.63E-01,7.84E-04,Soluble,-4.96,2.29E-03,1.10E-05,Moderately soluble,-3.833,High,Yes,No,No,Yes,No,No,No,-5.38,0,0,0,0,1,0.55,0,1,1,2.41
Molecule 169,CSc1ccc(cc1)C(=O)C,C9H10OS,166.24,11,6,0.22,2,1,0,48.36,42.37,2.03,2.02,2.61,2.37,2.72,2.35,-2.41,6.39E-01,3.85E-03,Soluble,-2.54,4.83E-01,2.90E-03,Soluble,-3.22,9.95E-02,5.98E-04,Soluble,-2.723,High,Yes,No,Yes,No,No,No,No,-5.88,0,0,0,0,1,0.55,0,0,1,1.2
Molecule 170,O=c1cc2sc3ccccc3nc2cc1N,C12H8N2OS,228.27,16,14,0,0,2,1,66.92,84.22,1.71,1.55,2.35,1.21,3.45,2.06,-2.88,3.01E-01,1.32E-03,Soluble,-2.93,2.69E-01,1.18E-03,Soluble,-4.62,5.50E-03,2.41E-05,Moderately soluble,-3.477,High,No,No,Yes,No,No,No,Yes,-6.59,0,0,0,0,0,0.55,0,2,1,2.84
Molecule 171,OC1=NC(=Nc2ccccc2)S/C/1=C/c1ccccc1,C16H12N2OS,280.34,20,12,0,2,3,1,88.94,70.25,2.66,4.36,3.93,2.9,4.43,3.66,-4.64,6.47E-03,2.31E-05,Moderately soluble,-5.55,7.89E-04,2.81E-06,Moderately soluble,-5.37,1.18E-03,4.23E-06,Moderately soluble,-5.187,High,Yes,No,Yes,Yes,Yes,No,No,-4.91,0,0,0,0,0,0.55,0,1,1,3.62
Molecule 172,OC1=NC2=Nc3c(NC2(O1)C(=NCc1ccccc1)O)cc(c(c3)C)C,C19H18N4O3,350.37,26,12,0.21,3,6,3,110.79,98.8,2.1,3.47,2.07,1.81,3.89,2.67,-4.34,1.59E-02,4.55E-05,Moderately soluble,-5.23,2.08E-03,5.93E-06,Moderately soluble,-5.67,7.53E-04,2.15E-06,Moderately soluble,-5.08,High,No,No,Yes,No,Yes,No,No,-5.97,0,0,0,0,0,0.55,0,2,1,4.43
Molecule 173,Clc1ccc(cc1)C(=O)c1noc(c1)c1ccccc1,C16H10ClNO2,283.71,20,17,0,3,3,0,76.82,43.1,3.08,4.33,4.23,2.7,4.46,3.76,-4.76,4.95E-03,1.75E-05,Moderately soluble,-4.95,3.19E-03,1.12E-05,Moderately soluble,-6.83,4.17E-05,1.47E-07,Poorly soluble,-5.513,High,Yes,No,Yes,Yes,Yes,No,No,-4.96,0,0,0,0,0,0.55,0,0,1,2.8
Molecule 174,Cc1ccc(cc1)C(=O)c1noc(c1)c1ccccc1,C17H13NO2,263.29,20,17,0.06,3,3,0,76.78,43.1,3.06,4.07,3.88,2.43,4.33,3.56,-4.47,8.97E-03,3.41E-05,Moderately soluble,-4.68,5.50E-03,2.09E-05,Moderately soluble,-6.61,6.45E-05,2.45E-07,Poorly soluble,-5.253,High,Yes,No,Yes,Yes,Yes,Yes,No,-5.02,0,0,0,0,0,0.55,0,0,1,2.92
Molecule 175,O=C1OC(=NC1=Cc1ccccc1)c1ccccc1,C16H11NO2,249.26,19,12,0,2,3,0,76.82,38.66,2.75,3.56,2.54,3.31,4.2,3.27,-3.96,2.71E-02,1.09E-04,Soluble,-4.06,2.18E-02,8.76E-05,Moderately soluble,-5.44,9.01E-04,3.61E-06,Moderately soluble,-4.487,High,Yes,No,Yes,Yes,Yes,No,No,-5.29,0,0,0,0,0,0.55,1,1,2,3.39
Molecule 176,O=C(c1noc(c1)c1ccco1)c1ccccc1,C14H9NO3,239.23,18,16,0,3,4,0,64.08,56.24,2.69,2.81,3.17,0.87,3.24,2.55,-3.55,6.69E-02,2.80E-04,Soluble,-3.65,5.38E-02,2.25E-04,Soluble,-5.44,8.65E-04,3.61E-06,Moderately soluble,-4.213,High,Yes,No,Yes,Yes,No,Yes,No,-5.76,0,0,0,0,0,0.55,0,0,1,2.95
Molecule 177,Cn1/c(=C/C=C/C=c\2/sc3c(n2C)cccc3)/sc2c1cccc2,C20H18N2S2,350.5,24,18,0.1,2,0,0,108.29,66.34,3.81,5.87,4.17,4.02,6.23,4.82,-6.13,2.57E-04,7.34E-07,Poorly soluble,-7.04,3.23E-05,9.21E-08,Poorly soluble,-5.33,1.64E-03,4.68E-06,Moderately soluble,-6.167,High,Yes,No,No,Yes,Yes,No,Yes,-4.27,0,0,0,0,1,0.55,0,0,2,3.64
Molecule 178,CCN(c1ccc(cc1)/C=C/1\SC(=Nc2ccccc2)N=C1O)CC,C20H21N3OS,351.47,25,12,0.2,5,3,1,112.76,73.49,3.4,5.21,4.78,2.85,4.83,4.21,-5.33,1.66E-03,4.71E-06,Moderately soluble,-6.5,1.11E-04,3.16E-07,Poorly soluble,-6.26,1.94E-04,5.53E-07,Poorly soluble,-6.03,High,No,No,Yes,Yes,Yes,No,Yes,-4.74,0,0,0,0,1,0.55,1,1,2,3.95
Molecule 179,Cc1ccc2c(n1)c1nc(C)ccc1cc2,C14H12N2,208.26,16,14,0.14,0,2,0,66.98,25.78,2.22,3.26,3.4,2.4,3.91,3.04,-3.83,3.06E-02,1.47E-04,Soluble,-3.48,6.97E-02,3.35E-04,Soluble,-5.78,3.42E-04,1.64E-06,Moderately soluble,-4.363,High,Yes,Yes,Yes,No,No,Yes,Yes,-5.26,0,0,0,0,0,0.55,0,1,1,1.6
Molecule 180,COC1(OC(N=C1c1ccccc1)(C)C)C(F)(F)F,C13H14F3NO2,273.25,19,6,0.46,3,6,0,67.58,30.82,3.06,2.87,4.03,2.66,4.02,3.33,-3.38,1.14E-01,4.19E-04,Soluble,-3.18,1.82E-01,6.66E-04,Soluble,-4.77,4.67E-03,1.71E-05,Moderately soluble,-3.777,High,Yes,No,Yes,Yes,No,No,No,-5.93,0,0,0,0,0,0.55,0,0,0,3.72
Molecule 181,CN1CCN(CC1)CCCN1c2ccccc2Sc2c1cc(cc2)C(F)(F)F,C21H24F3N3S,407.5,28,12,0.43,5,5,0,118.1,35.02,3.91,5.03,4.96,4.48,4.27,4.53,-5.52,1.22E-03,3.00E-06,Moderately soluble,-5.51,1.27E-03,3.12E-06,Moderately soluble,-6.54,1.18E-04,2.89E-07,Poorly soluble,-5.857,High,Yes,Yes,Yes,No,No,Yes,No,-5.21,1,0,0,0,1,0.55,0,0,2,3.47
Molecule 182,Cc1nccc2c1oc(c2)C(O)(C)C,C11H13NO2,191.23,14,9,0.36,1,3,1,54.6,46.26,2.3,1.4,2.26,0.67,2.51,1.83,-2.32,9.21E-01,4.82E-03,Soluble,-1.98,2.02E+00,1.06E-02,Very soluble,-3.55,5.36E-02,2.81E-04,Soluble,-2.617,High,Yes,No,Yes,No,No,No,No,-6.47,0,0,0,0,1,0.55,0,0,1,2.8
Molecule 183,COc1cn(C)c(cc1=S)CO,C8H11NO2S,185.24,12,6,0.38,2,2,1,49.15,66.48,1.79,0.18,1.1,-0.15,2.18,1.02,-1.34,8.47E+00,4.57E-02,Very soluble,-1.13,1.36E+01,7.34E-02,Very soluble,-1.66,4.09E+00,2.21E-02,Soluble,-1.377,High,Yes,No,No,No,No,No,No,-7.3,0,0,0,0,1,0.55,0,1,1,2.02
Molecule 184,Cc1ccc2c(n1)C(CC(=O)O)N=C2O,C10H10N2O3,206.2,15,6,0.3,2,5,2,56.99,82.78,1.32,-0.01,0.52,0.33,1.55,0.74,-1.28,1.09E+01,5.30E-02,Very soluble,-1.28,1.08E+01,5.26E-02,Very soluble,-1.98,2.18E+00,1.06E-02,Soluble,-1.513,High,No,No,No,No,No,No,No,-7.56,0,0,0,0,0,0.56,0,0,1,3.14
Molecule 185,COc1ccc[n+](c1)[O-],C6H7NO2,125.13,9,6,0.17,1,2,0,34.1,34.69,1.01,-0.28,0.33,0.33,0.06,0.29,-0.87,1.70E+01,1.36E-01,Very soluble,0.01,1.28E+02,1.03E+00,Highly soluble,-0.71,2.42E+01,1.93E-01,Soluble,-0.523,High,No,No,No,No,No,No,No,-7.26,0,3,0,0,1,0.55,0,2,1,1.94
Molecule 186,OC1=NC(=N)N(C1)C,C4H7N3O,113.12,8,0,0.5,0,3,2,38.21,59.68,0.82,-0.45,-0.94,-0.93,0.34,-0.23,-0.26,6.25E+01,5.52E-01,Very soluble,-0.34,5.20E+01,4.60E-01,Very soluble,0.13,1.54E+02,1.36E+00,Soluble,-0.157,High,No,No,No,No,No,No,No,-7.31,0,4,0,0,2,0.55,0,1,1,2.96
Molecule 187,CCOC(=O)C(=O)c1ccccc1,C10H10O3,178.18,13,6,0.2,4,3,0,47.54,43.37,1.66,2.02,1.43,1.32,1.93,1.67,-2.29,9.04E-01,5.07E-03,Soluble,-2.56,4.93E-01,2.77E-03,Soluble,-2.83,2.67E-01,1.50E-03,Soluble,-2.56,High,Yes,No,Yes,No,No,No,No,-5.95,0,0,0,0,1,0.55,0,1,1,1.54
Molecule 188,CCOC(=O)C(Oc1ccc(cc1)Cl)(C)C,C12H15ClO3,242.7,16,6,0.42,5,3,0,63.3,35.53,2.99,3.26,3.06,2.79,3.01,3.02,-3.35,1.09E-01,4.51E-04,Soluble,-3.68,5.07E-02,2.09E-04,Soluble,-4.06,2.09E-02,8.63E-05,Moderately soluble,-3.697,High,Yes,No,Yes,Yes,No,No,No,-5.47,0,0,0,0,0,0.55,0,0,1,2.09
Molecule 189,CCO[Si](c1ccccc1)(OCC)OCC,C12H20O3Si,240.37,16,6,0.5,7,3,0,67.1,27.69,3.43,3.06,1.94,1.26,1.23,2.18,-3.07,2.03E-01,8.44E-04,Soluble,-3.31,1.18E-01,4.92E-04,Soluble,-4.11,1.89E-02,7.85E-05,Moderately soluble,-3.497,High,Yes,No,No,Yes,No,Yes,No,-5.59,0,0,0,0,0,0.55,0,1,1,3.95
Molecule 190,[SiH3]c1ccccc1,C6H8Si,108.21,7,6,0,0,0,0,36.02,0,1.91,1.77,-0.32,2.25,0.9,1.3,-2.26,5.94E-01,5.49E-03,Soluble,-1.39,4.43E+00,4.09E-02,Very soluble,-2.44,3.97E-01,3.67E-03,Soluble,-2.03,Low,No,No,Yes,No,No,No,No,-5.7,0,3,0,0,2,0.55,0,1,1,2.22
Molecule 191,Brc1ccc(cc1)O[Si](C)(C)C,C9H13BrOSi,245.19,12,6,0.33,2,1,0,58.12,9.23,3.12,4.01,3.66,3.17,1.7,3.13,-4.12,1.84E-02,7.51E-05,Moderately soluble,-3.91,3.04E-02,1.24E-04,Soluble,-4.26,1.34E-02,5.48E-05,Moderately soluble,-4.097,High,Yes,No,Yes,No,Yes,Yes,No,-4.95,0,0,0,0,1,0.55,0,1,2,2.71
Molecule 192,Cl[Si](c1ccccc1)(c1ccccc1)c1ccccc1,C18H15ClSi,294.85,20,18,0,3,0,0,89.84,0,3.18,6.12,2.89,5.4,4,4.32,-5.99,3.01E-04,1.02E-06,Moderately soluble,-5.9,3.70E-04,1.25E-06,Moderately soluble,-8.14,2.13E-06,7.21E-09,Poorly soluble,-6.677,Low,Yes,No,Yes,Yes,No,Yes,No,-3.75,1,0,0,0,2,0.55,0,2,1,3.88
Molecule 193,COc1c(Cl)cc2c(c(=O)c1OC)cccc2,C13H11ClO3,250.68,17,11,0.15,2,3,0,68.21,35.53,2.67,2.94,2.87,1.86,3.66,2.8,-3.59,6.40E-02,2.55E-04,Soluble,-3.35,1.12E-01,4.49E-04,Soluble,-5.27,1.33E-03,5.32E-06,Moderately soluble,-4.07,High,Yes,No,Yes,Yes,No,No,No,-5.74,0,0,0,0,0,0.55,0,0,0,2.23
Molecule 194,COC1=C(C=CSc2c1cccc2)c1ccccc1,C17H14OS,266.36,19,12,0.06,2,1,0,81.64,34.53,3.18,4.22,4.82,3.81,4.25,4.06,-4.49,8.71E-03,3.27E-05,Moderately soluble,-4.66,5.89E-03,2.21E-05,Moderately soluble,-5.76,4.58E-04,1.72E-06,Moderately soluble,-4.97,High,Yes,No,Yes,Yes,Yes,No,No,-4.93,0,0,0,0,0,0.55,0,1,1,3.59
Molecule 195,COC1=C(C(=CSc2c1cccc2)OC(=O)C)c1ccccc1,C19H16O3S,324.39,23,12,0.11,4,3,0,92.54,60.83,3.32,3.7,4.71,3.21,4.14,3.82,-4.3,1.61E-02,4.96E-05,Moderately soluble,-4.67,6.97E-03,2.15E-05,Moderately soluble,-6.04,2.99E-04,9.20E-07,Poorly soluble,-5.003,High,Yes,No,Yes,Yes,Yes,No,Yes,-5.65,0,0,0,0,0,0.55,0,1,1,3.8
Molecule 196,COc1c[n+]([O-])c2c(n1)cccc2,C9H8N2O2,176.17,13,10,0.11,1,3,0,49.4,47.58,1.6,0.52,0.88,1.21,0.6,0.96,-1.76,3.04E+00,1.73E-02,Very soluble,-1.09,1.43E+01,8.13E-02,Very soluble,-2.06,1.55E+00,8.79E-03,Soluble,-1.637,High,Yes,No,Yes,No,No,No,No,-7.01,0,0,0,0,1,0.55,1,2,1,2.55
Molecule 197,COc1cc(ccc1OC)CC(=O)C,C11H14O3,194.23,14,6,0.36,4,3,0,54.21,35.53,2.14,1.12,1.84,1.42,2.56,1.82,-1.8,3.06E+00,1.57E-02,Very soluble,-1.46,6.74E+00,3.47E-02,Very soluble,-3.4,7.79E-02,4.01E-04,Soluble,-2.22,High,Yes,No,Yes,No,No,No,No,-6.69,0,0,0,0,1,0.55,0,0,1,1.66
Molecule 198,C=CCc1ccc(c(c1)OC)OC,C11H14O2,178.23,13,6,0.27,4,2,0,53.53,18.46,2.65,2.52,2.43,2.3,3,2.58,-2.61,4.37E-01,2.45E-03,Soluble,-2.55,4.98E-01,2.79E-03,Soluble,-3.5,5.62E-02,3.16E-04,Soluble,-2.887,High,Yes,No,Yes,No,No,No,No,-5.6,0,0,0,0,1,0.55,0,1,1,1.71
Molecule 199,COc1cc(C=O)ccc1O,C8H8O3,152.15,11,6,0.12,2,3,1,40.34,46.53,1.57,1.21,1.21,0.51,1.49,1.2,-1.82,2.32E+00,1.52E-02,Very soluble,-1.78,2.50E+00,1.64E-02,Very soluble,-1.88,2.00E+00,1.32E-02,Soluble,-1.827,High,Yes,No,No,No,No,No,No,-6.37,0,2,0,0,1,0.55,0,1,1,1.15
Molecule 200,CC=Cc1ccc(c(c1)OC)OC,C11H14O2,178.23,13,6,0.27,3,2,0,54.32,18.46,2.75,3.4,2.63,2.3,2.82,2.78,-3.23,1.05E-01,5.88E-04,Soluble,-3.47,6.08E-02,3.41E-04,Soluble,-3.13,1.33E-01,7.45E-04,Soluble,-3.277,High,Yes,No,Yes,No,No,No,No,-4.97,0,0,0,0,1,0.55,0,0,1,1.93
Molecule 201,OC(=O)c1ccc(cc1)C(=O)O,C8H6O4,166.13,12,6,0,2,4,2,40.36,74.6,0.74,2,1.08,1.2,0.61,1.13,-2.37,7.12E-01,4.29E-03,Soluble,-3.19,1.06E-01,6.41E-04,Soluble,-1.14,1.21E+01,7.29E-02,Soluble,-2.233,High,No,No,No,No,No,No,No,-5.89,0,1,0,0,1,0.85,0,0,1,1
Molecule 202,OCC1COC(O1)(C)C,C6H12O3,132.16,9,0,1,1,3,1,32.21,38.69,1.71,-0.2,0.13,-0.26,0.84,0.44,-0.47,4.51E+01,3.41E-01,Very soluble,-0.16,9.22E+01,6.98E-01,Very soluble,-0.52,4.01E+01,3.03E-01,Soluble,-0.383,High,No,No,No,No,No,No,No,-7.25,0,2,0,0,1,0.55,0,0,1,3.09
Molecule 203,Clc1ccc2c(c1)[n+]([O-])c1c(n2)cccc1,C12H7ClN2O,230.65,16,14,0,0,2,0,65.42,38.35,1.97,2.27,2.67,3.14,2.25,2.46,-3.35,1.04E-01,4.49E-04,Soluble,-2.71,4.48E-01,1.94E-03,Soluble,-4.23,1.36E-02,5.89E-05,Moderately soluble,-3.43,High,Yes,Yes,Yes,Yes,No,No,No,-6.1,0,0,0,0,0,0.55,1,3,1,2.13
Molecule 204,OC(=O)Cc1ccccc1,C8H8O2,136.15,10,6,0.12,2,2,1,37.99,37.3,1.23,1.41,1.31,1.66,1.54,1.43,-1.88,1.78E+00,1.30E-02,Very soluble,-1.8,2.17E+00,1.59E-02,Very soluble,-2.14,9.77E-01,7.18E-03,Soluble,-1.94,High,Yes,No,No,No,No,No,No,-6.13,0,3,0,0,1,0.85,0,0,1,1
Molecule 205,C/C=C/C(=O)O,C4H6O2,86.09,6,0,0.25,1,2,1,22.64,37.3,1.12,0.72,0.65,0.38,-0.05,0.56,-0.76,1.49E+01,1.73E-01,Very soluble,-1.08,7.13E+00,8.29E-02,Very soluble,0.38,2.04E+02,2.37E+00,Soluble,-0.487,High,Yes,No,No,No,No,No,No,-6.31,0,3,0,0,2,0.85,0,1,1,1.52
Molecule 206,ClP(c1ccccc1)c1ccccc1,C12H10ClP,220.63,14,12,0,2,0,0,64.93,13.59,2.8,4.92,3.27,4.15,4.54,3.94,-4.81,3.42E-03,1.55E-05,Moderately soluble,-4.94,2.52E-03,1.14E-05,Moderately soluble,-5.65,4.96E-04,2.25E-06,Moderately soluble,-5.133,High,Yes,No,Yes,Yes,Yes,No,No,-4.15,0,0,0,0,1,0.55,0,1,2,3.65
Molecule 207,O=C1CCCCC1,C6H10O,98.14,7,0,0.83,0,1,0,29.04,17.07,1.56,0.81,1.52,1,2.19,1.41,-0.96,1.08E+01,1.10E-01,Very soluble,-0.75,1.74E+01,1.78E-01,Very soluble,-1.35,4.35E+00,4.44E-02,Soluble,-1.02,High,Yes,No,No,No,No,No,No,-6.32,0,3,0,0,2,0.55,0,0,1,1.18
Molecule 208,C1CCCS1,C4H8S,88.17,5,0,1,0,0,0,26.82,25.3,1.64,1.36,1.51,1.42,2.43,1.67,-1.24,5.03E+00,5.71E-02,Very soluble,-1.49,2.83E+00,3.21E-02,Very soluble,-1,8.86E+00,1.00E-01,Soluble,-1.243,High,Yes,No,No,No,No,No,No,-5.87,0,3,0,0,3,0.55,0,0,1,2.12
Molecule 209,N1CCNCC1,C4H10N2,86.14,6,0,1,0,2,2,32.66,24.06,1.3,-1.5,-1.58,-0.57,0.92,-0.29,0.57,3.21E+02,3.72E+00,Highly soluble,1.5,2.72E+03,3.16E+01,Highly soluble,-0.99,8.90E+00,1.03E-01,Soluble,0.36,Low,No,No,No,No,No,No,No,-7.89,0,4,0,0,2,0.55,0,0,1,1
Molecule 210,O=S=Nc1ccccc1,C6H5NOS,139.17,9,6,0,1,2,0,36.81,61.52,0,2.46,2.58,1.16,0.95,1.43,-2.68,2.91E-01,2.09E-03,Soluble,-3.4,5.59E-02,4.02E-04,Soluble,-2.43,5.16E-01,3.71E-03,Soluble,-2.837,High,Yes,No,No,No,No,No,No,-5.4,0,3,0,0,1,0.55,0,0,1,1.62
Molecule 211,Oc1ccc(cc1)C1CCCCC1,C12H16O,176.25,13,6,0.5,1,1,1,55.35,20.23,2.31,4.22,3.44,2.94,3.19,3.22,-3.87,2.39E-02,1.36E-04,Soluble,-4.36,7.78E-03,4.41E-05,Moderately soluble,-3.25,9.80E-02,5.56E-04,Soluble,-3.827,High,Yes,No,No,No,No,Yes,No,-4.38,0,0,0,0,2,0.55,0,0,2,1.32
Molecule 212,C[Si]([Si](c1ccccc1)(C)C)(c1ccccc1)C,C16H22Si2,270.52,18,12,0.25,3,0,0,87.12,0,3.28,6.15,3.3,4.92,2,3.93,-5.69,5.56E-04,2.06E-06,Moderately soluble,-5.93,3.16E-04,1.17E-06,Moderately soluble,-6.67,5.77E-05,2.13E-07,Poorly soluble,-6.097,Low,Yes,No,Yes,No,No,Yes,No,-3.58,1,0,0,0,2,0.55,0,1,1,3.92
Molecule 213,OC(=O)c1ccccc1Cl,C7H5ClO2,156.57,10,6,0,1,2,1,38.41,37.3,1.33,2.05,2.04,2.2,1.86,1.9,-2.48,5.18E-01,3.31E-03,Soluble,-2.46,5.41E-01,3.45E-03,Soluble,-2.37,6.63E-01,4.24E-03,Soluble,-2.437,High,Yes,No,No,No,No,No,No,-5.8,0,3,0,0,1,0.85,0,0,1,1
Molecule 214,OC(=O)c1ccccc1N,C7H7NO2,137.14,10,6,0,1,2,2,37.81,63.32,1.04,1.21,0.98,-0.12,0.5,0.72,-1.83,2.03E+00,1.48E-02,Very soluble,-2.14,1.00E+00,7.30E-03,Soluble,-1.38,5.69E+00,4.15E-02,Soluble,-1.783,High,Yes,No,No,No,No,No,No,-6.28,0,3,0,0,1,0.85,0,1,1,1
Molecule 215,OC(c1ccc(cc1)N(C)C)c1ccc(cc1)N(C)C,C17H22N2O,270.37,20,12,0.29,4,1,1,85.47,26.71,2.83,2.98,2.58,2.82,2.34,2.71,-3.57,7.22E-02,2.67E-04,Soluble,-3.2,1.69E-01,6.25E-04,Soluble,-4.61,6.64E-03,2.45E-05,Moderately soluble,-3.793,High,Yes,No,Yes,No,No,Yes,No,-5.83,0,0,0,0,0,0.55,2,0,0,1.86
Molecule 216,CC(=O)c1ccco1,C6H6O2,110.11,8,5,0.17,1,2,0,28.9,30.21,1.65,0.52,1.48,-0.18,1.58,1.01,-1.25,6.24E+00,5.67E-02,Very soluble,-0.73,2.07E+01,1.88E-01,Very soluble,-1.88,1.44E+00,1.31E-02,Soluble,-1.287,High,Yes,No,No,No,No,No,No,-6.6,0,3,0,0,1,0.55,0,0,1,1.93
Molecule 217,Oc1ccccc1O,C6H6O2,110.11,8,6,0,0,2,2,30.49,40.46,1.13,0.88,1.1,0.79,0.94,0.97,-1.63,2.57E+00,2.33E-02,Very soluble,-1.31,5.34E+00,4.85E-02,Very soluble,-1.18,7.21E+00,6.55E-02,Soluble,-1.373,High,Yes,No,No,No,No,No,Yes,-6.35,0,3,0,0,1,0.55,1,1,1,1
Molecule 218,c1ccc(nc1)Nc1ccccn1,C10H9N3,171.2,13,12,0,2,2,1,51.58,37.81,1.2,1.99,2.22,0.97,1.71,1.62,-2.71,3.37E-01,1.97E-03,Soluble,-2.41,6.66E-01,3.89E-03,Soluble,-4.21,1.04E-02,6.10E-05,Moderately soluble,-3.11,High,Yes,No,Yes,No,No,No,No,-5.93,0,0,0,0,1,0.55,0,0,1,2.07
Molecule 219,Nc1cccc(c1)S(=O)(=O)O,C6H7NO3S,173.19,11,6,0,1,3,2,40.71,88.77,0.13,-0.2,1.6,0.51,-0.49,0.31,-1.13,1.30E+01,7.49E-02,Very soluble,-1.21,1.07E+01,6.20E-02,Very soluble,-1.38,7.15E+00,4.13E-02,Soluble,-1.24,High,No,No,No,No,No,No,No,-7.5,0,1,0,0,1,0.56,0,2,1,2.06
Molecule 220,[O-][N+](=O)c1ccc(c(c1)Cl)N,C6H5ClN2O2,172.57,11,6,0,1,2,1,44.68,71.84,1.2,2.14,1.84,0.88,-0.37,1.14,-2.6,4.38E-01,2.54E-03,Soluble,-3.28,9.05E-02,5.24E-04,Soluble,-2.03,1.61E+00,9.31E-03,Soluble,-2.637,High,Yes,No,No,No,No,No,No,-5.83,0,1,0,0,1,0.55,0,3,1,1.91
Molecule 221,OC(=O)c1cccc(c1)C(=O)O,C8H6O4,166.13,12,6,0,2,4,2,40.36,74.6,0.75,1.66,1.08,1.2,0.61,1.06,-2.15,1.17E+00,7.02E-03,Soluble,-2.84,2.40E-01,1.44E-03,Soluble,-1.14,1.21E+01,7.29E-02,Soluble,-2.043,High,No,No,No,No,No,No,No,-6.13,0,1,0,0,1,0.85,0,0,1,1.06
Molecule 222,OC(=O)c1cccc(c1)[N+](=O)[O-],C7H5NO4,167.12,12,6,0,2,4,1,42.22,83.12,0.77,1.83,1.29,0.51,-0.93,0.69,-2.27,9.04E-01,5.41E-03,Soluble,-3.2,1.06E-01,6.37E-04,Soluble,-1.15,1.20E+01,7.16E-02,Soluble,-2.207,High,No,No,No,No,No,No,No,-6.02,0,1,0,0,1,0.56,0,2,1,1.62
Molecule 223,C1CCCN1,C4H9N,71.12,5,0,1,0,1,1,25.94,12.03,1.51,0.46,-0.01,0.35,1.55,0.77,-0.57,1.91E+01,2.69E-01,Very soluble,-0.28,3.72E+01,5.23E-01,Very soluble,-0.9,8.97E+00,1.26E-01,Soluble,-0.583,Low,No,No,No,No,No,No,No,-6.41,0,3,0,0,3,0.55,0,0,1,1
Molecule 224,Clc1ccccc1c1ccccc1Cl,C12H8Cl2,223.1,14,12,0,1,0,0,61.9,0,2.75,4.97,4.66,4.95,4.8,4.43,-4.92,2.67E-03,1.20E-05,Moderately soluble,-4.71,4.36E-03,1.96E-05,Moderately soluble,-6.15,1.57E-04,7.03E-07,Poorly soluble,-5.26,Low,No,No,Yes,Yes,Yes,No,No,-4.13,1,0,0,0,1,0.55,0,0,2,1.62
Molecule 225,CCOC(=O)CC(=O)C,C6H10O3,130.14,9,0,0.67,4,3,0,32.44,43.37,1.3,0.25,0.53,0.28,0.73,0.62,-0.54,3.75E+01,2.88E-01,Very soluble,-0.72,2.47E+01,1.90E-01,Very soluble,-1.06,1.12E+01,8.61E-02,Soluble,-0.773,High,Yes,No,No,No,No,No,No,-6.92,0,3,0,0,1,0.55,0,1,1,1.42
Molecule 226,OC(=O)C(=O)O,C2H2O4,90.03,6,0,0,1,4,2,15.27,74.6,-0.35,-0.25,-0.84,-1.51,-0.97,-0.79,-0.17,6.02E+01,6.69E-01,Very soluble,-0.86,1.25E+01,1.39E-01,Very soluble,1.47,2.66E+03,2.95E+01,Soluble,0.147,High,No,No,No,No,No,No,No,-7.03,0,4,0,0,2,0.85,0,1,1,1
Molecule 227,[O-]C(=CC(=O)c1ccccc1)c1ccccc1.[O-]C(=CC(=O)c1ccccc1)c1ccccc1.[O-]C(=CC(=O)c1ccccc1)c1ccccc1.[Fe+3],C45H33FeO6,725.58,52,36,0,9,6,0,197.63,120.39,-193.35,11.03,10.02,3.95,3.17,-33.03,-11.21,4.52E-09,6.23E-12,Insoluble,-13.53,2.17E-11,2.98E-14,Insoluble,-4.38,2.99E-02,4.12E-05,Moderately soluble,-9.707,Low,No,Yes,No,No,No,No,No,-2.89,1,4,0,1,2,0.56,0,3,3,4.53
Molecule 228,CC1=C(Cl)C(=O)c2c(C1=O)cccc2,C11H7ClO2,206.63,14,6,0.09,0,2,0,53.85,34.14,1.85,2.93,2.58,1.49,3.31,2.43,-3.28,1.07E-01,5.20E-04,Soluble,-3.31,1.02E-01,4.91E-04,Soluble,-4.26,1.13E-02,5.46E-05,Moderately soluble,-3.617,High,Yes,No,Yes,Yes,No,No,No,-5.48,0,0,0,0,0,0.55,2,0,1,2.46
Molecule 229,CN1/C(=N\C)/SCC1=O,C5H8N2OS,144.19,9,0,0.6,0,2,0,42.32,57.97,1.48,0.43,-0.2,-0.08,1.14,0.55,-1,1.43E+01,9.89E-02,Very soluble,-1.21,8.79E+00,6.10E-02,Very soluble,-0.83,2.13E+01,1.48E-01,Soluble,-1.013,High,No,No,No,No,No,No,No,-6.87,0,2,0,0,1,0.55,0,1,1,3.11
Molecule 230,[O-][N+](=O)c1ccc(cc1)c1cc(=O)c2c(o1)cccc2,C15H9NO4,267.24,20,16,0,2,4,0,76.74,76.03,2.21,3.38,3.37,1.2,1.79,2.39,-4.09,2.19E-02,8.20E-05,Moderately soluble,-4.66,5.91E-03,2.21E-05,Moderately soluble,-5.51,8.26E-04,3.09E-06,Moderately soluble,-4.753,High,Yes,No,Yes,Yes,Yes,Yes,Yes,-5.53,0,0,0,0,0,0.55,0,2,0,2.81
Molecule 231,CC(C#CC#CC#CC#CC(C)(C)C)(C)C,C16H18,210.31,16,0,0.5,0,0,0,71.15,0,4.27,5.22,3.41,6,4.26,4.63,-4.43,7.77E-03,3.69E-05,Moderately soluble,-4.97,2.26E-03,1.08E-05,Moderately soluble,-2.64,4.83E-01,2.30E-03,Soluble,-4.013,Low,Yes,No,No,No,Yes,No,No,-3.88,1,0,0,0,2,0.55,0,1,2,3.64
Molecule 232,c1ccc2c(c1)C=Cc1c(N2)cccc1,C14H11N,193.24,15,12,0,0,0,1,67.85,12.03,2.25,3.96,3.32,3.4,3.14,3.21,-4.12,1.45E-02,7.50E-05,Moderately soluble,-3.91,2.36E-02,1.22E-04,Soluble,-5.05,1.71E-03,8.87E-06,Moderately soluble,-4.36,High,Yes,No,Yes,Yes,No,No,No,-4.67,0,0,0,0,2,0.55,0,1,2,2.83
Molecule 233,c1ccc2c(c1)n1c(cn2)nc2c1cccc2,C14H9N3,219.24,17,17,0,0,2,0,68,30.19,2.26,2.73,3.04,2.58,2.41,2.6,-3.66,4.81E-02,2.19E-04,Soluble,-3.02,2.10E-01,9.59E-04,Soluble,-5.07,1.86E-03,8.47E-06,Moderately soluble,-3.917,High,Yes,Yes,Yes,No,No,Yes,Yes,-5.7,0,0,0,0,0,0.55,0,0,1,1.75
Molecule 234,O=C(c1ccco1)c1ccccc1,C11H8O2,172.18,13,11,0,2,2,0,48.58,30.21,1.88,2.18,2.51,1.16,2.83,2.11,-2.78,2.89E-01,1.68E-03,Soluble,-2.45,6.14E-01,3.57E-03,Soluble,-4.07,1.46E-02,8.49E-05,Moderately soluble,-3.1,High,Yes,No,Yes,No,No,No,No,-5.8,0,0,0,0,1,0.55,0,0,1,2.1
Molecule 235,O=C1C=CC(=NNc2ccc(cc2)Cl)C=C1,C12H9ClN2O,232.67,16,6,0,2,2,1,65.62,41.46,2.09,2.81,2.61,2.15,2.59,2.45,-3.2,1.47E-01,6.33E-04,Soluble,-3.34,1.07E-01,4.59E-04,Soluble,-3.73,4.38E-02,1.88E-04,Soluble,-3.423,High,Yes,No,Yes,Yes,No,No,No,-5.72,0,0,0,0,0,0.55,1,2,1,3.02
Molecule 236,c1ccc2c(c1)non2,C6H4N2O,120.11,9,9,0,0,3,0,31.8,38.92,1.79,1.69,1.22,0.16,1.54,1.28,-2.39,4.90E-01,4.08E-03,Soluble,-2.12,9.06E-01,7.55E-03,Soluble,-2.49,3.87E-01,3.22E-03,Soluble,-2.333,High,Yes,No,Yes,No,No,No,No,-5.83,0,3,0,0,1,0.55,0,0,1,2.29
Molecule 237,c1ncc[nH]1,C3H4N2,68.08,5,5,0,0,1,1,18.59,28.68,0,0.06,0.41,-0.92,1.36,0.18,-1.04,6.21E+00,9.12E-02,Very soluble,-0.22,4.14E+01,6.08E-01,Very soluble,-1.08,5.61E+00,8.24E-02,Soluble,-0.78,High,No,No,No,No,No,No,No,-6.67,0,3,0,0,2,0.55,0,0,1,1
Molecule 238,[O]N1C(C)(C)CC(=O)CC1(C)C,C9H16NO2,170.23,12,0,0.89,0,3,0,49.98,20.31,-3.69,0.12,1.17,1,1.05,-0.07,-0.97,1.82E+01,1.07E-01,Very soluble,-0.1,1.35E+02,7.90E-01,Very soluble,-1.44,6.19E+00,3.64E-02,Soluble,-0.837,High,Yes,No,No,No,No,No,No,-7.25,0,0,0,0,1,0.55,0,0,1,1.75
Molecule 239,Cc1ccc(cc1c1cc(C)ccc1C)C,C16H18,210.31,16,12,0.25,1,0,0,71.74,0,3.17,5.01,4.59,5.83,5.5,4.82,-4.79,3.42E-03,1.62E-05,Moderately soluble,-4.75,3.74E-03,1.78E-05,Moderately soluble,-6.47,7.14E-05,3.40E-07,Poorly soluble,-5.337,Low,No,No,No,Yes,No,No,No,-4.03,1,0,0,0,2,0.55,0,0,2,1.82
Molecule 240,OC(=O)CC(=O)C(=O)O,C4H4O5,132.07,9,0,0.25,3,5,2,25.09,91.67,-0.48,-0.63,-0.89,-1.47,-0.93,-0.88,-0.06,1.14E+02,8.63E-01,Very soluble,-0.82,1.99E+01,1.50E-01,Very soluble,1.05,1.50E+03,1.13E+01,Soluble,0.057,High,No,No,No,No,No,No,No,-7.55,0,4,0,0,2,0.56,0,2,1,1.49
Molecule 241,Clc1ccc(c(c1)/C(=N\C(C(=O)O)Cc1ccccc1)/c1ccccc1)O,C22H18ClNO3,379.84,27,18,0.09,6,4,2,107.29,69.89,2.77,5.4,4.58,3.75,5.21,4.34,-5.69,7.68E-04,2.02E-06,Moderately soluble,-6.62,9.06E-05,2.39E-07,Poorly soluble,-7.33,1.77E-05,4.67E-08,Poorly soluble,-6.547,High,Yes,No,No,No,Yes,No,Yes,-4.78,0,0,0,0,1,0.85,0,1,2,3.56
Molecule 242,COc1ncc(cn1)Cl,C5H5ClN2O,144.56,9,6,0.2,1,3,0,33.53,35.01,1.8,1.14,1.14,0.33,1.56,1.2,-1.88,1.90E+00,1.31E-02,Very soluble,-1.47,4.91E+00,3.39E-02,Very soluble,-2.37,6.12E-01,4.24E-03,Soluble,-1.907,High,Yes,No,No,No,No,No,No,-6.37,0,3,0,0,1,0.55,0,0,1,1.71
Molecule 243,CCOC(=O)c1cc(C)nc(c1C#N)Cl,C10H9ClN2O2,224.64,15,6,0.3,3,4,0,55.01,62.98,1.82,2.15,2.09,0.9,2.67,1.93,-2.69,4.64E-01,2.06E-03,Soluble,-3.1,1.76E-01,7.86E-04,Soluble,-3.6,5.60E-02,2.49E-04,Soluble,-3.13,High,Yes,No,Yes,No,No,No,No,-6.14,0,0,0,0,0,0.55,0,1,1,2.33
Molecule 244,COC(=O)C1C2=C3N=C(C(C3CCC(=O)OCC=C(CCCC(CCCC(CCCC(C)C)C)C)C)C)C=c3[n-]c(=CC4=NC(=Cc5[n-]c2c(C1=O)c5C)C(=C4C)CC)c(c3C)C=C,C55H72N4O5--,869.18,64,10,0.55,22,9,0,273.54,120.17,9.01,13.99,9.79,4.83,15.88,10.7,-12.71,1.71E-10,1.97E-13,Insoluble,-16.59,2.22E-14,2.56E-17,Insoluble,-14.56,2.37E-12,2.73E-15,Insoluble,-14.62,Low,No,Yes,No,No,No,No,No,-1.67,2,4,1,1,3,0.56,0,3,3,10
Molecule 245,CCCCCCCCCSSCCCCCCCCC,C18H38S2,318.62,20,0,1,17,0,0,103.82,50.6,5.45,8.83,7.87,6.01,7.39,7.11,-6.26,1.77E-04,5.54E-07,Poorly soluble,-9.78,5.33E-08,1.67E-10,Poorly soluble,-7.33,1.48E-05,4.66E-08,Poorly soluble,-7.79,Low,No,No,Yes,No,No,No,No,-1.97,1,1,1,1,2,0.55,0,1,2,3.99
Molecule 246,c1ccc2c(c1)C1c3c(C2c2c1cccc2)cccc3,C20H14,254.33,20,18,0.1,0,0,0,81.44,0,2.91,4.83,4.67,6.14,5.14,4.74,-5.13,1.90E-03,7.49E-06,Moderately soluble,-4.56,6.95E-03,2.73E-05,Moderately soluble,-7.52,7.72E-06,3.03E-08,Poorly soluble,-5.737,Low,No,Yes,Yes,Yes,No,No,No,-4.42,1,0,0,0,1,0.55,0,0,1,3.1
Molecule 247,[O-][n+]1onc2c1cccc2,C6H4N2O2,136.11,10,9,0,0,3,0,35.17,51.49,1.4,1.43,0.46,1.2,0.17,0.93,-2.25,7.64E-01,5.61E-03,Soluble,-2.12,1.04E+00,7.65E-03,Soluble,-1.11,1.04E+01,7.67E-02,Soluble,-1.827,High,No,No,Yes,No,No,No,No,-6.11,0,3,0,0,1,0.55,0,1,1,3.05
Molecule 248,BrC(c1ccccc1)C(=O)O,C8H7BrO2,215.04,11,6,0.12,2,2,1,45.86,37.3,1.42,2.28,1.88,2.14,1.91,1.93,-2.88,2.83E-01,1.31E-03,Soluble,-2.7,4.29E-01,1.99E-03,Soluble,-2.68,4.51E-01,2.10E-03,Soluble,-2.753,High,Yes,No,No,No,No,No,No,-5.99,0,1,0,0,0,0.85,0,1,1,2
Molecule 249,ONC(=O)c1ccccc1,C7H7NO2,137.14,10,6,0,2,2,2,35.36,49.33,1.21,0.26,0.81,1.13,0.44,0.77,-1.17,9.36E+00,6.82E-02,Very soluble,-0.86,1.91E+01,1.39E-01,Very soluble,-1.79,2.21E+00,1.61E-02,Soluble,-1.273,High,Yes,No,No,No,No,No,No,-6.95,0,3,0,0,1,0.55,0,2,1,1
Molecule 250,OC(=O)c1cc2c(o1)cccc2,C9H6O3,162.14,12,9,0,1,3,1,43.17,50.44,1.36,2.41,2.13,1.08,1.75,1.75,-2.85,2.28E-01,1.40E-03,Soluble,-3.11,1.25E-01,7.74E-04,Soluble,-2.65,3.63E-01,2.24E-03,Soluble,-2.87,High,Yes,No,Yes,No,No,No,No,-5.58,0,1,0,0,1,0.85,0,0,1,2.2
Molecule 251,OCC1OC(CC1O)n1cc(C)c(=O)[nH]c1=O,C10H14N2O5,242.23,17,6,0.6,2,5,3,58.07,104.55,1.12,-1.17,-1.84,-1.15,-0.04,-0.61,-0.73,4.47E+01,1.85E-01,Very soluble,-0.53,7.11E+01,2.93E-01,Very soluble,-0.45,8.63E+01,3.56E-01,Soluble,-0.57,High,No,No,No,No,No,No,No,-8.61,0,1,0,0,0,0.55,0,0,1,3.64
Molecule 252,O=C1CC(=O)NC(=S)N1,C4H4N2O2S,144.15,9,0,0.25,0,2,2,40.85,90.29,0.27,-0.87,-1.85,-1.44,1.34,-0.51,-0.19,9.40E+01,6.52E-01,Very soluble,-0.54,4.11E+01,2.85E-01,Very soluble,-0.94,1.66E+01,1.15E-01,Soluble,-0.557,High,No,No,No,No,No,No,No,-7.8,0,3,0,0,2,0.55,0,2,1,1.61
Molecule 253,Nc1ccccn1,C5H6N2,94.11,7,6,0,0,1,1,28.64,38.91,0.99,0.49,0.67,0.16,0.79,0.62,-1.37,4.05E+00,4.30E-02,Very soluble,-0.88,1.25E+01,1.33E-01,Very soluble,-1.58,2.50E+00,2.65E-02,Soluble,-1.277,High,Yes,No,No,No,No,No,No,-6.53,0,3,0,0,1,0.55,0,0,1,1.07
Molecule 254,Nc1cnccn1,C4H5N3,95.1,7,6,0,0,2,1,26.44,51.8,0.63,-0.07,0.07,-1.13,0.38,-0.03,-1.02,9.09E+00,9.55E-02,Very soluble,-0.57,2.58E+01,2.71E-01,Very soluble,-1.21,5.93E+00,6.24E-02,Soluble,-0.933,High,No,No,No,No,No,No,No,-6.93,0,3,0,0,2,0.55,0,0,1,1.69
Molecule 255,c1ccc2c(c1)[nH]cn2,C7H6N2,118.14,9,9,0,0,1,1,36.09,28.68,0.9,1.81,1.56,0.98,2.15,1.48,-2.45,4.17E-01,3.53E-03,Soluble,-2.03,1.10E+00,9.30E-03,Soluble,-2.86,1.63E-01,1.38E-03,Soluble,-2.447,High,Yes,No,Yes,No,No,No,No,-5.74,0,3,0,0,1,0.55,0,0,1,1
Molecule 256,CC(=O)C1CCOC1=O,C6H8O3,128.13,9,0,0.67,1,3,0,30.33,43.37,0.82,0.13,0.14,-0.11,1.11,0.42,-0.65,2.87E+01,2.24E-01,Very soluble,-0.6,3.24E+01,2.53E-01,Very soluble,-0.68,2.65E+01,2.07E-01,Soluble,-0.643,High,No,No,No,No,No,No,No,-6.99,0,3,0,0,1,0.55,0,1,1,2.03
Molecule 257,O=C(c1ccco1)Nc1cccc(c1)[N+](=O)[O-],C11H8N2O4,232.19,17,11,0,4,4,1,61.74,88.06,1.37,1.98,2.25,1.02,-0.19,1.29,-2.74,4.21E-01,1.81E-03,Soluble,-3.46,8.14E-02,3.51E-04,Soluble,-3.52,7.08E-02,3.05E-04,Soluble,-3.24,High,No,No,Yes,No,No,No,No,-6.31,0,0,0,0,0,0.55,0,2,1,2.37
Molecule 258,Clc1ccc(cc1)NC(=O)c1cocc1,C11H8ClNO2,221.64,15,11,0,3,2,1,57.93,42.24,2.26,2.53,2.99,1.78,2.63,2.44,-3.15,1.56E-01,7.04E-04,Soluble,-3.06,1.91E-01,8.64E-04,Soluble,-4.75,3.92E-03,1.77E-05,Moderately soluble,-3.653,High,Yes,No,Yes,Yes,No,No,No,-5.86,0,0,0,0,0,0.55,0,0,1,2.15
Molecule 259,Cc1ccc2c(c1)N=C1C(O2)(C)N(N(C1=O)c1ccccc1)C,C18H17N3O2,307.35,23,12,0.22,1,4,0,99.53,45.14,3.18,3.26,1.93,2.72,2.79,2.77,-4.12,2.33E-02,7.60E-05,Moderately soluble,-3.88,4.03E-02,1.31E-04,Soluble,-5.21,1.90E-03,6.18E-06,Moderately soluble,-4.403,High,Yes,No,No,Yes,Yes,Yes,Yes,-5.86,0,0,0,0,0,0.55,0,0,0,4.09
Molecule 260,Cc1c(C)cc(c(c1P(c1c(C)c(C)cc(c1C)C)c1c(C)c(C)cc(c1C)C)C)C,C30H39P,430.6,31,18,0.4,3,0,0,144.74,13.59,5.05,8.98,7.15,7.69,11.74,8.12,-8.4,1.72E-06,3.99E-09,Poorly soluble,-9.16,3.01E-07,7.00E-10,Poorly soluble,-12.08,3.56E-10,8.26E-13,Insoluble,-9.88,Low,No,Yes,No,No,No,No,No,-2.55,1,2,0,1,2,0.55,0,1,2,4.52
Molecule 261,Cc1c(C)cc(c(c1P(=O)(c1c(C)c(C)cc(c1C)C)c1c(C)c(C)cc(c1C)C)C)C,C30H39OP,446.6,32,18,0.4,3,1,0,145.43,26.88,4.66,8.43,7.03,6.55,10.42,7.42,-8.14,3.25E-06,7.28E-09,Poorly soluble,-8.86,6.12E-07,1.37E-09,Poorly soluble,-11.97,4.74E-10,1.06E-12,Insoluble,-9.657,Low,No,Yes,No,No,No,No,No,-3.04,1,3,0,1,1,0.55,0,1,2,4.9
Molecule 262,NC(=N[N+](=O)[O-])N,CH4N4O2,104.07,7,0,0,1,3,2,24.13,110.22,-0.17,-0.99,-1.55,-2.11,-1.24,-1.21,0.2,1.67E+02,1.60E+00,Highly soluble,-0.84,1.51E+01,1.45E-01,Very soluble,1.43,2.83E+03,2.72E+01,Soluble,0.263,High,No,No,No,No,No,No,No,-7.64,0,4,0,0,2,0.55,0,5,1,2.89
Molecule 263,O=C1NC(=O)C(C(=O)N1C)(C)C1=CCCCC1,C12H16N2O3,236.27,17,0,0.58,1,3,1,69.35,66.48,1.87,1.49,0.44,0.72,1.25,1.15,-2.18,1.57E+00,6.64E-03,Soluble,-2.49,7.58E-01,3.21E-03,Soluble,-2.23,1.38E+00,5.86E-03,Soluble,-2.3,High,No,No,No,No,No,No,No,-6.68,0,0,0,0,0,0.55,0,2,1,3.35
Molecule 264,[O-]C(=O)C([NH3+])C,C3H7NO2,89.09,6,0,0.67,1,2,1,20.33,67.77,0.66,-2.96,-2.63,-4.53,-1.04,-2.1,1.54,3.08E+03,3.45E+01,Highly soluble,2.1,1.11E+04,1.25E+02,Highly soluble,0.77,5.23E+02,5.87E+00,Soluble,1.47,Low,No,No,No,No,No,No,No,-8.95,0,4,0,0,3,0.55,0,0,1,1
Molecule 265,NC(=O)N,CH4N2O,60.06,4,0,0,0,1,2,12.92,69.11,-0.01,-1.43,-0.98,-1.6,-0.92,-0.99,0.69,2.93E+02,4.88E+00,Highly soluble,0.48,1.82E+02,3.03E+00,Highly soluble,1.06,6.96E+02,1.16E+01,Soluble,0.743,High,No,No,No,No,No,No,No,-7.68,0,4,0,0,2,0.55,0,0,1,1
Molecule 266,Clc1c(O)cccc1Cl,C6H4Cl2O,163,9,6,0,0,1,1,38.48,20.23,1.9,2.84,2.7,2.67,2.67,2.56,-3.13,1.20E-01,7.36E-04,Soluble,-2.92,1.95E-01,1.19E-03,Soluble,-3.04,1.47E-01,9.04E-04,Soluble,-3.03,High,Yes,No,Yes,No,No,No,No,-5.28,0,2,0,0,2,0.55,0,0,1,1.29
Molecule 267,OC(=O)c1ccc(cc1)Br,C7H5BrO2,201.02,10,6,0,1,2,1,41.1,37.3,1.55,2.86,2.15,2.36,1.9,2.16,-3.27,1.09E-01,5.42E-04,Soluble,-3.3,1.00E-01,4.99E-04,Soluble,-2.63,4.73E-01,2.36E-03,Soluble,-3.067,High,Yes,No,No,No,No,No,No,-5.5,0,1,0,0,0,0.85,0,0,1,1
Molecule 268,[O-]C(=O)C([NH3+])CCSC,C5H11NO2S,149.21,9,0,0.8,4,2,1,37.53,93.07,1.07,-1.87,-1.9,-3.67,-0.15,-1.3,0.68,7.09E+02,4.75E+00,Highly soluble,0.43,4.06E+02,2.72E+00,Highly soluble,-0.23,8.75E+01,5.86E-01,Soluble,0.293,High,No,No,No,No,No,No,No,-8.54,0,3,0,0,1,0.55,0,0,1,2.43
Molecule 269,CCOC(=O)C1=NN(C(=O)C1)C,C7H10N2O3,170.17,12,0,0.57,3,4,0,48.96,58.97,1.7,0.04,-0.99,-0.31,0.74,0.23,-0.72,3.23E+01,1.90E-01,Very soluble,-0.83,2.51E+01,1.48E-01,Very soluble,-0.83,2.51E+01,1.47E-01,Soluble,-0.793,High,No,No,No,No,No,No,No,-7.31,0,1,0,0,1,0.55,0,0,1,2.69
Molecule 270,CC1C(=NNC1=O)C(=O)OCC,C7H10N2O3,170.17,12,0,0.57,3,4,1,48.86,67.76,1.39,0.43,-1.09,-0.31,0.9,0.26,-0.97,1.83E+01,1.08E-01,Very soluble,-1.42,6.46E+00,3.80E-02,Very soluble,-1.32,8.22E+00,4.83E-02,Soluble,-1.237,High,No,No,No,No,No,No,No,-7.03,0,1,0,0,1,0.55,0,0,1,3.34
Molecule 271,CSc1ncnc2c1[nH]nc2,C6H6N4S,166.2,11,9,0.17,1,3,1,43.4,79.76,1.24,0.77,1.07,-0.02,1.62,0.94,-1.9,2.12E+00,1.27E-02,Very soluble,-2.03,1.57E+00,9.44E-03,Soluble,-2.66,3.67E-01,2.21E-03,Soluble,-2.197,High,No,No,Yes,No,No,No,No,-6.77,0,1,0,0,1,0.55,0,0,1,1.91
Molecule 272,Cc1cn2c(c1)c(ccc2)[N+](=O)[O-],C9H8N2O2,176.17,13,9,0.11,1,2,0,51.18,50.23,1.97,2.69,2.16,0.7,-0.32,1.44,-3.07,1.49E-01,8.45E-04,Soluble,-3.4,7.05E-02,4.00E-04,Soluble,-2.22,1.05E+00,5.98E-03,Soluble,-2.897,High,Yes,No,Yes,Yes,No,No,No,-5.46,0,0,0,0,1,0.55,0,2,1,1.9
Molecule 273,[O-][N+](=O)c1ccc(cc1)c1cn2c(c1)n(c1c2cccc1)C,C17H13N3O2,291.3,22,18,0.06,2,2,0,88.41,55.16,2.68,4.45,4.01,2.59,0.78,2.9,-4.92,3.48E-03,1.19E-05,Moderately soluble,-5.33,1.37E-03,4.71E-06,Moderately soluble,-4.8,4.66E-03,1.60E-05,Moderately soluble,-5.017,High,Yes,No,Yes,Yes,Yes,Yes,No,-4.92,0,0,0,0,0,0.55,0,2,1,2.45
Molecule 274,OC(=O)c1ccc(cc1)[N+](=O)[O-],C7H5NO4,167.12,12,6,0,2,4,1,42.22,83.12,0.88,1.89,1.29,0.51,-0.93,0.73,-2.3,8.28E-01,4.96E-03,Soluble,-3.26,9.23E-02,5.52E-04,Soluble,-1.15,1.20E+01,7.16E-02,Soluble,-2.237,High,No,No,No,No,No,No,No,-5.98,0,1,0,0,1,0.56,0,2,1,1.37
Molecule 275,OCc1ccc(cc1)O,C7H8O2,124.14,9,6,0.14,1,2,2,34.59,40.46,1.29,0.25,0.73,0.88,1.22,0.87,-1.19,7.93E+00,6.39E-02,Very soluble,-0.66,2.71E+01,2.19E-01,Very soluble,-1.61,3.06E+00,2.47E-02,Soluble,-1.153,High,Yes,No,No,No,No,No,Yes,-6.88,0,3,0,0,1,0.55,0,0,1,1
Molecule 276,Cc1c(C)cc(c(c1P(=S)(c1c(C)c(C)cc(c1C)C)c1c(C)c(C)cc(c1C)C)C)C,C30H39PS,462.67,32,18,0.4,3,0,0,152.33,41.9,4.46,10.15,7.79,7.62,12.62,8.53,-9.32,2.21E-07,4.77E-10,Poorly soluble,-10.96,5.03E-09,1.09E-11,Insoluble,-12.16,3.19E-10,6.90E-13,Insoluble,-10.813,Low,No,Yes,No,No,No,No,No,-1.92,1,3,0,1,1,0.55,0,1,2,4.67
Molecule 277,CC(=O)O,C2H4O2,60.05,4,0,0.5,0,2,1,13.5,37.3,0.63,-0.21,0.09,-0.49,-0.48,-0.09,-0.08,4.99E+01,8.32E-01,Very soluble,-0.12,4.59E+01,7.65E-01,Very soluble,0.53,2.05E+02,3.42E+00,Soluble,0.11,High,No,No,No,No,No,No,No,-6.82,0,3,0,0,2,0.85,0,0,1,1
Molecule 278,OC(=O)c1ccccc1,C7H6O2,122.12,9,6,0,1,2,1,33.4,37.3,1.11,1.87,1.38,1.6,1.24,1.44,-2.2,7.66E-01,6.27E-03,Soluble,-2.27,6.48E-01,5.31E-03,Soluble,-1.72,2.31E+00,1.89E-02,Soluble,-2.063,High,Yes,No,No,No,No,No,No,-5.72,0,3,0,0,1,0.85,0,0,1,1
Molecule 279,[O-]C(=O)c1c(C(=O)[O-])c(F)c(c(c1F)F)F,C8F4O4--,236.08,16,6,0,2,8,0,36.31,80.26,0.35,1.38,0.65,2.62,2.42,1.48,-2.32,1.13E+00,4.80E-03,Soluble,-2.67,5.06E-01,2.14E-03,Soluble,-2.27,1.27E+00,5.38E-03,Soluble,-2.42,High,No,No,No,No,No,No,No,-6.76,0,2,0,0,0,0.56,0,2,1,1.6
Molecule 280,OC(=Nc1nc2cccc3c2c([nH]1)ccc3)C(Cl)(Cl)Cl,C13H8Cl3N3O,328.58,20,13,0.08,2,3,2,83.61,61.27,2.42,4.05,4.67,3.03,4.23,3.68,-4.78,5.48E-03,1.67E-05,Moderately soluble,-5.04,2.99E-03,9.11E-06,Moderately soluble,-5.98,3.47E-04,1.06E-06,Moderately soluble,-5.267,High,Yes,No,Yes,Yes,Yes,No,No,-5.43,0,0,0,0,0,0.55,0,3,1,2.55
Molecule 281,OC(=O)c1ccccc1O,C7H6O3,138.12,10,6,0,1,3,2,35.42,57.53,1.13,2.26,1.09,0.99,0.74,1.24,-2.5,4.39E-01,3.18E-03,Soluble,-3.1,1.09E-01,7.86E-04,Soluble,-1.17,9.40E+00,6.81E-02,Soluble,-2.257,High,Yes,No,No,No,No,No,No,-5.54,0,3,0,0,1,0.85,0,0,1,1
Molecule 282,O=c1[nH]c2c([nH]1)[nH]c(=O)[nH]c2=O,C5H4N4O3,168.11,12,9,0,0,3,4,40.16,114.37,-0.2,-1.91,-1.77,-1.32,1.61,-0.72,-0.23,9.81E+01,5.83E-01,Very soluble,0.03,1.80E+02,1.07E+00,Highly soluble,-1.88,2.21E+00,1.32E-02,Soluble,-0.693,High,No,No,No,No,No,No,No,-8.68,0,2,0,0,1,0.55,0,0,1,1.8
Molecule 283,Nc1ccnc(=O)[nH]1,C4H5N3O,111.1,8,6,0,0,2,2,29.26,71.77,0.22,-1.73,-0.64,-0.85,0.49,-0.5,0.01,1.13E+02,1.01E+00,Highly soluble,0.74,6.06E+02,5.46E+00,Highly soluble,-1.14,8.07E+00,7.26E-02,Soluble,-0.13,High,No,No,No,No,No,No,No,-8.21,0,4,0,0,2,0.55,0,0,1,1.47
Molecule 284,O=C(c1ccccc1)C1CCCCC1,C13H16O,188.27,14,6,0.46,2,1,0,58.56,17.07,2.53,3.69,3.45,2.85,3.54,3.21,-3.52,5.72E-02,3.04E-04,Soluble,-3.74,3.44E-02,1.82E-04,Soluble,-3.78,3.10E-02,1.64E-04,Soluble,-3.68,High,Yes,No,No,No,No,Yes,No,-4.83,0,0,0,0,2,0.55,0,0,2,1.42
Molecule 285,Cc1c(C)nc2c([n+]1[O-])c(=O)n(c(=O)n2C)C,C10H12N4O3,236.23,17,10,0.4,0,4,0,63.88,82.35,1.05,-0.86,-1.12,0.67,-0.36,-0.12,-1.2,1.50E+01,6.34E-02,Very soluble,-0.39,9.67E+01,4.09E-01,Very soluble,-0.91,2.93E+01,1.24E-01,Soluble,-0.833,High,No,No,No,No,No,No,No,-8.35,0,1,0,0,0,0.55,0,2,1,2.58
Molecule 286,C1CCC(CC1)(N1CCCCC1)c1ccccc1,C17H25N,243.39,18,6,0.65,2,1,0,81.94,3.24,3.29,4.69,3.84,3.96,4.22,4,-4.42,9.29E-03,3.82E-05,Moderately soluble,-4.49,7.95E-03,3.27E-05,Moderately soluble,-4.78,4.01E-03,1.65E-05,Moderately soluble,-4.563,High,Yes,Yes,No,No,No,Yes,No,-4.45,0,0,0,0,1,0.55,0,0,2,1.77
Molecule 287,O=C1C=CC=C/C/1=C/Nc1ccccc1,C13H11NO,197.23,15,6,0,2,1,1,61.25,29.1,2.22,2.86,2.49,1.95,2.16,2.33,-3.03,1.85E-01,9.36E-04,Soluble,-3.13,1.46E-01,7.41E-04,Soluble,-3.1,1.56E-01,7.89E-04,Soluble,-3.087,High,Yes,No,Yes,Yes,No,No,No,-5.47,0,0,0,0,1,0.55,0,1,1,3.32
Molecule 288,OC(=O)CCl,C2H3ClO2,94.5,5,0,0.5,1,2,1,18.3,37.3,0.57,0.22,0.31,0.03,0.31,0.29,-0.5,3.00E+01,3.17E-01,Very soluble,-0.56,2.59E+01,2.74E-01,Very soluble,-0.18,6.17E+01,6.53E-01,Soluble,-0.413,High,No,No,No,No,No,No,No,-6.72,0,3,0,0,2,0.85,0,1,1,1.33
Molecule 289,Clc1ccc(c(c1)C(=O)c1ccccc1)O,C13H9ClO2,232.66,16,12,0,2,2,1,63.35,37.3,2.43,3.95,3.28,2.87,3.53,3.21,-4.19,1.49E-02,6.40E-05,Moderately soluble,-4.43,8.58E-03,3.69E-05,Moderately soluble,-4.91,2.86E-03,1.23E-05,Moderately soluble,-4.51,High,Yes,No,Yes,Yes,Yes,No,No,-4.91,0,0,0,0,0,0.55,0,0,2,1.75
Molecule 290,Clc1ncnc2c1[nH]cn2,C5H3ClN4,154.56,10,9,0,0,3,1,36.69,54.46,0.76,1.22,1.01,-0.02,1.82,0.96,-2.23,9.04E-01,5.85E-03,Soluble,-1.96,1.69E+00,1.09E-02,Very soluble,-2.77,2.64E-01,1.71E-03,Soluble,-2.32,High,Yes,No,Yes,No,No,No,No,-6.38,0,3,0,0,1,0.55,0,0,1,1.51
Molecule 291,Cc1c(C)c(C)c(c(c1C)C)C,C12H18,162.27,12,6,0.5,0,0,0,56.24,0,2.72,5.11,3.54,5.05,4.7,4.22,-4.44,5.95E-03,3.67E-05,Moderately soluble,-4.85,2.27E-03,1.40E-05,Moderately soluble,-4.71,3.16E-03,1.95E-05,Moderately soluble,-4.667,Low,Yes,No,No,No,No,Yes,No,-3.66,1,0,0,0,3,0.55,0,0,2,1
Molecule 292,Oc1c(Cl)c(Cl)c(c(c1Cl)Cl)O,C6H2Cl4O2,247.89,12,6,0,0,2,2,50.53,40.46,1.69,4.14,3.71,3.17,3.5,3.24,-4.36,1.09E-02,4.41E-05,Moderately soluble,-4.7,4.98E-03,2.01E-05,Moderately soluble,-3.72,4.76E-02,1.92E-04,Soluble,-4.26,High,Yes,No,No,No,Yes,No,No,-4.87,0,1,0,0,0,0.55,0,2,2,1.67
Molecule 293,OC(=O)c1ccccc1C(=O)O,C8H6O4,166.13,12,6,0,2,4,2,40.36,74.6,0.6,0.73,1.08,1.2,0.61,0.84,-1.57,4.49E+00,2.70E-02,Very soluble,-1.88,2.21E+00,1.33E-02,Very soluble,-1.14,1.21E+01,7.29E-02,Soluble,-1.53,High,No,No,No,No,No,No,No,-6.8,0,1,0,0,1,0.85,0,0,1,1
Molecule 294,CN(c1ccc(cc1)C(=O)c1ccc(cc1)N(C)C)C,C17H20N2O,268.35,20,12,0.24,4,1,0,84.73,23.55,2.72,3.87,3.05,2.74,2.67,3.01,-4.12,2.03E-02,7.55E-05,Moderately soluble,-4.06,2.33E-02,8.68E-05,Moderately soluble,-5.09,2.20E-03,8.20E-06,Moderately soluble,-4.423,High,Yes,No,Yes,Yes,No,Yes,No,-5.19,0,0,0,0,0,0.55,0,0,1,1.74
Molecule 295,C/C=C/C1=Nc2ccc(cc2S(=O)(=O)N1)Cl,C10H9ClN2O2S,256.71,16,6,0.1,1,3,1,70.82,66.91,1.89,2.02,2.56,1.82,2.4,2.14,-2.92,3.12E-01,1.21E-03,Soluble,-3.05,2.27E-01,8.86E-04,Soluble,-3.78,4.29E-02,1.67E-04,Soluble,-3.25,High,Yes,No,Yes,No,No,No,No,-6.43,0,0,0,0,0,0.55,0,0,0,3.26
Molecule 296,c1ccc2c(c1)n[nH]n2,C6H5N3,119.12,9,9,0,0,2,1,33.89,41.57,0.59,1.02,0.96,0.16,1.67,0.88,-1.96,1.30E+00,1.09E-02,Very soluble,-1.48,3.92E+00,3.29E-02,Very soluble,-2.49,3.87E-01,3.25E-03,Soluble,-1.977,High,Yes,No,No,No,No,No,No,-6.3,0,3,0,0,1,0.55,0,0,1,1.54
Molecule 297,Clc1ccc2c(c1)sc(n2)N,C7H5ClN2S,184.65,11,9,0,0,1,1,49.03,67.15,1.83,2.85,2.54,1.85,3.07,2.43,-3.39,7.60E-02,4.11E-04,Soluble,-3.92,2.23E-02,1.21E-04,Soluble,-3.23,1.09E-01,5.93E-04,Soluble,-3.513,High,Yes,No,Yes,Yes,No,No,No,-5.4,0,1,0,0,1,0.55,0,0,1,2.11
Molecule 298,Oc1ccccc1Cl,C6H5ClO,128.56,8,6,0,0,1,1,33.48,20.23,1.7,2.15,2.05,2.07,2.06,2.01,-2.55,3.65E-01,2.84E-03,Soluble,-2.21,7.98E-01,6.21E-03,Soluble,-2.4,5.13E-01,3.99E-03,Soluble,-2.387,High,Yes,No,Yes,No,No,No,No,-5.56,0,3,0,0,2,0.55,0,0,1,1
Molecule 299,Nc1nccs1,C3H4N2S,100.14,6,5,0,0,1,1,26.52,67.15,1.02,0.38,0.73,-0.65,1.67,0.63,-1.32,4.83E+00,4.82E-02,Very soluble,-1.36,4.42E+00,4.41E-02,Very soluble,-0.86,1.40E+01,1.39E-01,Soluble,-1.18,High,No,No,No,No,No,No,No,-6.64,0,3,0,0,2,0.55,0,0,1,1.97
Molecule 300,OCc1ccco1,C5H6O2,98.1,7,5,0.2,1,2,1,24.84,33.37,1.49,0.28,0.62,-0.47,1.18,0.62,-1.09,8.03E+00,8.18E-02,Very soluble,-0.54,2.81E+01,2.87E-01,Very soluble,-1.36,4.30E+00,4.39E-02,Soluble,-0.997,High,Yes,No,No,No,No,No,No,-6.7,0,3,0,0,1,0.55,0,0,1,1.97
Molecule 301,O=Cc1ccco1,C5H4O2,96.08,7,5,0,1,2,0,24.1,30.21,1.03,0.41,1.09,-0.56,1.48,0.69,-1.16,6.70E+00,6.97E-02,Very soluble,-0.61,2.35E+01,2.45E-01,Very soluble,-1.47,3.23E+00,3.37E-02,Soluble,-1.08,High,Yes,No,No,No,No,No,No,-6.6,0,3,0,0,1,0.55,0,1,1,1.77
Molecule 302,Oc1ccc(cc1)C(=O)O,C7H6O3,138.12,10,6,0,1,3,2,35.42,57.53,0.85,1.58,1.09,0.99,0.74,1.05,-2.07,1.18E+00,8.52E-03,Soluble,-2.4,5.51E-01,3.99E-03,Soluble,-1.17,9.40E+00,6.81E-02,Soluble,-1.88,High,Yes,No,No,No,No,No,No,-6.02,0,3,0,0,1,0.85,0,0,1,1
Molecule 303,Oc1ccc(cc1)Nc1ccc(cc1[N+](=O)[O-])[N+](=O)[O-],C12H9N3O5,275.22,20,12,0,4,5,2,75.65,123.9,0.98,3.41,2.95,0.67,-2.13,1.18,-3.87,3.67E-02,1.33E-04,Soluble,-5.69,5.60E-04,2.03E-06,Moderately soluble,-3.15,1.94E-01,7.06E-04,Soluble,-4.237,High,No,No,No,No,Yes,No,Yes,-5.56,0,0,0,0,0,0.55,0,3,0,2.96